schema_version,slice_id,slice,python_surface,rust_target,status,evidence,blockers,matched_symbol_count,matched_symbol_ids,rust_locations
1,ledger-001,numeric object dataframe append,"`qlib/rl/order_execution/utils.py::dataframe_append` bool/float asymmetry, typed numeric objects, chained append and missing object columns","`core::dataframe_append::{numeric_object_dtype,numeric_object_array,dataframe_append_with_warnings}`",done,"1,521 numeric pairs, 2,808 chains, 96 object block cases, 384 object input/alignment cases, existing matrices, IPC and failure tests; main 481/481 lines, 46/46 functions, 790/790 regions, 70/70 branches; blocks 164/164, 19/19, 284/284, 78/78; objects 96/96, 15/15, 146/146, 16/16; numeric unchanged exact100%","Other objects/extension/index families, constructors and warning policy remain; not whole-file closure",2,"[""qlib/rl/order_execution/utils.py::<module>@1"", ""qlib/rl/order_execution/utils.py::dataframe_append@16""]","[""crates/core/src/dataframe_append.rs:449:dataframe_append"", ""crates/core/src/dataframe_append.rs:462:dataframe_append_with_warnings"", ""crates/core/src/dataframe_append/objects.rs:23:numeric_object_dtype"", ""crates/core/src/dataframe_append/objects.rs:31:numeric_object_array"", ""crates/core/src/lib.rs:34:dataframe_append""]"
1,ledger-002,native integer dataframe blocks and numeric indexes,"`qlib/rl/order_execution/utils.py::dataframe_append` integer/float/bool promotion, integer alignment and i64/f32/f64 empty index rules","`core::dataframe_append::{IndexedFrame,dataframe_append_with_warnings}`",done,"1,449 numeric pairs, 256 alignment cases, 81 index cases, warning order and existing matrices; main 413/413 lines, 42/42 functions, 675/675 regions, 64/64 branches; blocks 126/126, 15/15, 202/202, 38/38; numeric 48/48, 3/3, 77/77, 20/20","Bool/float object results, constructors, other index/extension families and warning policy remain; not whole-file closure",2,"[""qlib/rl/order_execution/utils.py::<module>@1"", ""qlib/rl/order_execution/utils.py::dataframe_append@16""]","[""crates/core/src/dataframe_append.rs:449:dataframe_append"", ""crates/core/src/dataframe_append.rs:462:dataframe_append_with_warnings"", ""crates/core/src/dataframe_append.rs:77:IndexedFrame"", ""crates/core/src/lib.rs:34:dataframe_append""]"
1,ledger-003,built-in object-array price payloads,`qlib/rl/order_execution/utils.py::price_advantage` bool/int/float/complex and selected invalid built-in object payloads,"`core::builtin_object_price::{BuiltinPriceArithmetic,BuiltinPriceValue,BuiltinPriceNumber,BuiltinPriceType,BuiltinPriceArithmeticError}`",done,"4,608 built-in plus 1,008 stage cases; stable/nightly 53/53 lines, 6/6 functions, 63/63 regions, Nightly 6/6 branches; reused engine exact100%",Other payload/interop boundaries and complete dataframe_append remain separate,2,"[""qlib/rl/order_execution/utils.py::<module>@1"", ""qlib/rl/order_execution/utils.py::price_advantage@25""]","[""crates/core/src/builtin_object_price.rs:13:BuiltinPriceType"", ""crates/core/src/builtin_object_price.rs:40:BuiltinPriceValue"", ""crates/core/src/builtin_object_price.rs:50:BuiltinPriceNumber"", ""crates/core/src/builtin_object_price.rs:56:BuiltinPriceArithmeticError"", ""crates/core/src/builtin_object_price.rs:64:BuiltinPriceArithmetic"", ""crates/core/src/lib.rs:12:builtin_object_price""]"
1,ledger-004,native indexed Arrow dataframe append,"`qlib/rl/order_execution/utils.py::dataframe_append` preconstructed table alignment, numeric promotion and index handling","`core::dataframe_append::{IndexedFrame,dataframe_append,DataframeAppendError}`",done,"3,402 actual Pandas cases, native validation and seven injected Arrow failures; stable/nightly module 217/217 lines, 20/20 functions, 381/381 regions, Nightly 36/36 branches","Object/extension dtype adaptation, constructors, MultiIndex, differing timezones and duplicate-column positional append remain separate; not whole-file acceptance",2,"[""qlib/rl/order_execution/utils.py::<module>@1"", ""qlib/rl/order_execution/utils.py::dataframe_append@16""]","[""crates/core/src/dataframe_append.rs:227:DataframeAppendError"", ""crates/core/src/dataframe_append.rs:449:dataframe_append"", ""crates/core/src/dataframe_append.rs:77:IndexedFrame"", ""crates/core/src/lib.rs:34:dataframe_append""]"
1,ledger-005,repeated dataframe columns and empty column axes,`qlib/rl/order_execution/utils.py::dataframe_append` duplicate string-label alignment and default/explicit empty column-axis identity,"`core::dataframe_append::{IndexedFrame,EmptyColumnAxis,dataframe_append}`",done,"9,720 actual Pandas cases, chained append and seven Arrow failures; stable/nightly 281/281 lines, 30/30 functions, 455/455 regions, Nightly 48/48 branches","Object/extension promotion, arbitrary constructors, non-string/hierarchical labels and timezone reconciliation remain",2,"[""qlib/rl/order_execution/utils.py::<module>@1"", ""qlib/rl/order_execution/utils.py::dataframe_append@16""]","[""crates/core/src/dataframe_append.rs:449:dataframe_append"", ""crates/core/src/dataframe_append.rs:68:EmptyColumnAxis"", ""crates/core/src/dataframe_append.rs:77:IndexedFrame"", ""crates/core/src/lib.rs:34:dataframe_append""]"
1,ledger-006,block-aware floating dataframe append,"`qlib/rl/order_execution/utils.py::dataframe_append` block partitions, f32/f64 all-NA promotion and ordered warning transport","`core::dataframe_append::{IndexedFrame,dataframe_append_with_warnings}`",done,"80 additional source comparisons; 9,720 previous cases; main 394/394 lines, 41/41 functions, 652/652 regions, 58/58 branches; blocks 111/111, 13/13, 181/181, 26/26","f16/integer/bool/object families, constructor/layout normalization and warning-filter interop remain; not whole-file closure",2,"[""qlib/rl/order_execution/utils.py::<module>@1"", ""qlib/rl/order_execution/utils.py::dataframe_append@16""]","[""crates/core/src/dataframe_append.rs:449:dataframe_append"", ""crates/core/src/dataframe_append.rs:462:dataframe_append_with_warnings"", ""crates/core/src/dataframe_append.rs:77:IndexedFrame"", ""crates/core/src/lib.rs:34:dataframe_append""]"
1,ledger-007,half and mixed floating dataframe blocks,"`qlib/rl/order_execution/utils.py::dataframe_append` f16/f32/f64 data blocks, all-NA selection and promotion warnings","`core::dataframe_append::{IndexedFrame,dataframe_append_with_warnings}`",done,"144 floating pair cases and 144 layout cases; main 394/394 lines, 41/41 functions, 652/652 regions, 58/58 branches; blocks 124/124, 15/15, 200/200, 38/38","Integer/bool/object families, constructor/layout normalization and warning policy remain; not whole-file closure",2,"[""qlib/rl/order_execution/utils.py::<module>@1"", ""qlib/rl/order_execution/utils.py::dataframe_append@16""]","[""crates/core/src/dataframe_append.rs:449:dataframe_append"", ""crates/core/src/dataframe_append.rs:462:dataframe_append_with_warnings"", ""crates/core/src/dataframe_append.rs:77:IndexedFrame"", ""crates/core/src/lib.rs:34:dataframe_append""]"
1,ledger-008,object-array price arithmetic stages,`qlib/rl/order_execution/utils.py::price_advantage` object ufunc stages and float-object payloads,"`core::object_price_advantage::{object_price_advantage,ObjectPriceArithmetic,FloatObjectArithmetic,ObjectPriceAdvantage,ObjectPriceAdvantageError}`",done,"240 callback and 768 float-object live NumPy cases; stable/nightly 91/91 lines, 10/10 functions, 149/149 regions, Nightly 18/18 branches","Other concrete object payloads/runtime adapters, dtype failures, warnings and dataframe_append remain",2,"[""qlib/rl/order_execution/utils.py::<module>@1"", ""qlib/rl/order_execution/utils.py::price_advantage@25""]","[""crates/core/src/lib.rs:77:object_price_advantage"", ""crates/core/src/object_price_advantage.rs:102:object_price_advantage"", ""crates/core/src/object_price_advantage.rs:11:ObjectPriceArithmetic"", ""crates/core/src/object_price_advantage.rs:154:FloatObjectArithmetic"", ""crates/core/src/object_price_advantage.rs:43:ObjectPriceAdvantage"", ""crates/core/src/object_price_advantage.rs:50:ObjectPriceAdvantageError""]"
1,ledger-009,complex ndarray price advantage,`qlib/rl/order_execution/utils.py::price_advantage` complex64/complex128 paths,"`core::complex_price_advantage::{complex_price_advantage,ComplexPriceAdvantage,ComplexPriceComponent}`",done,"50,688 real NumPy bitwise complex cases plus 3,528 real cases; stable/nightly 51/51 lines, 8/8 functions, 90/90 regions, Nightly 14/14 branches; real-module regression exact100%","Object/other dtype paths, warnings and dataframe_append remain open",2,"[""qlib/rl/order_execution/utils.py::<module>@1"", ""qlib/rl/order_execution/utils.py::price_advantage@25""]","[""crates/core/src/complex_price_advantage.rs:10:ComplexPriceComponent"", ""crates/core/src/complex_price_advantage.rs:28:ComplexPriceAdvantage"", ""crates/core/src/complex_price_advantage.rs:79:complex_price_advantage"", ""crates/core/src/lib.rs:26:complex_price_advantage""]"
1,ledger-010,real numeric scalar/array price advantage,`qlib/rl/order_execution/utils.py::price_advantage` real numeric dtype paths,"`core::price_advantage::{price_advantage,price_advantage_array,ArrayPriceAdvantage,PriceElement,PriceFloat,PriceAdvantageError}` and SAOE adapter delegation",done,"3,528 real NumPy bitwise differential cases; 32 tests; stable/nightly 61/61 lines, 12/12 functions, 83/83 regions, Nightly 6/6 branches; wrapper all 10 regions hit",Remaining dtype/warning paths and dataframe_append keep whole utils.py open,2,"[""qlib/rl/order_execution/utils.py::<module>@1"", ""qlib/rl/order_execution/utils.py::price_advantage@25""]","[""crates/core/src/lib.rs:87:price_advantage"", ""crates/core/src/price_advantage.rs:114:price_advantage"", ""crates/core/src/price_advantage.rs:11:PriceAdvantageError"", ""crates/core/src/price_advantage.rs:135:price_advantage_array"", ""crates/core/src/price_advantage.rs:16:ArrayPriceAdvantage"", ""crates/core/src/price_advantage.rs:23:PriceFloat"", ""crates/core/src/price_advantage.rs:30:PriceElement"", ""crates/core/src/rl_candle_dqn_policy.rs:151:adapter"", ""crates/core/src/rl_candle_nstep.rs:70:adapter"", ""crates/core/src/saoe_state_adapter.rs:1124:price_advantage"", ""crates/core/src/shared_nested_account.rs:43:adapter""]"
1,ledger-011,terminal simulator executor lookup,`qlib/rl/order_execution/utils.py::get_simulator_executor`,"`core::executor_lookup::{ExecutorLookup,SimulatorLookupError,get_simulator_executor}`",done,"20 live Python differential cases; identity/mutation/order/errors/deep traversal; stable/nightly 13/13 lines, 1/1 functions, 12/12 regions, Nightly 2/2 branches",Whole utils.py scalar/array and append contracts remain separate,2,"[""qlib/rl/order_execution/utils.py::<module>@1"", ""qlib/rl/order_execution/utils.py::get_simulator_executor@48""]","[""crates/core/src/executor_lookup.rs:23:SimulatorLookupError"", ""crates/core/src/executor_lookup.rs:38:get_simulator_executor"", ""crates/core/src/executor_lookup.rs:6:ExecutorLookup"", ""crates/core/src/lib.rs:50:executor_lookup""]"
1,ledger-012,SAOE state-schema whole-file closure,"complete `qlib/rl/order_execution/state.py::{<module>,SAOEMetrics,SAOEMetrics.stock_id,SAOEMetrics.datetime,SAOEMetrics.direction,SAOEMetrics.market_volume,SAOEMetrics.market_price,SAOEMetrics.amount,SAOEMetrics.inner_amount,SAOEMetrics.deal_amount,SAOEMetrics.trade_price,SAOEMetrics.trade_value,SAOEMetrics.position,SAOEMetrics.ffr,SAOEMetrics.pa,SAOEState,SAOEState.order,SAOEState.cur_time,SAOEState.cur_step,SAOEState.position,SAOEState.history_exec,SAOEState.history_steps,SAOEState.metrics,SAOEState.backtest_data,SAOEState.ticks_per_step,SAOEState.ticks_index,SAOEState.ticks_for_order}`","`core::saoe::{SaoeNumeric,SaoeTime,SaoeMetrics,SaoeState,SaoeStateParts,SaoeBacktestData}` plus live shared state aliases",done,"8 tests; hash-pinned whole-source TypedDict/NamedTuple contract; Arrow/Bincode/current+legacy/error differentials; stable/nightly state range 96/96 lines, 8/8 functions, 146/146 regions, no executable branches",None,27,"[""qlib/rl/order_execution/state.py::<module>@1"", ""qlib/rl/order_execution/state.py::SAOEMetrics.amount@43"", ""qlib/rl/order_execution/state.py::SAOEMetrics.datetime@30"", ""qlib/rl/order_execution/state.py::SAOEMetrics.deal_amount@49"", ""qlib/rl/order_execution/state.py::SAOEMetrics.direction@32"", ""qlib/rl/order_execution/state.py::SAOEMetrics.ffr@60"", ""qlib/rl/order_execution/state.py::SAOEMetrics.inner_amount@45"", ""qlib/rl/order_execution/state.py::SAOEMetrics.market_price@38"", ""qlib/rl/order_execution/state.py::SAOEMetrics.market_volume@36"", ""qlib/rl/order_execution/state.py::SAOEMetrics.pa@63"", ""qlib/rl/order_execution/state.py::SAOEMetrics.position@55"", ""qlib/rl/order_execution/state.py::SAOEMetrics.stock_id@28"", ""qlib/rl/order_execution/state.py::SAOEMetrics.trade_price@51"", ""qlib/rl/order_execution/state.py::SAOEMetrics.trade_value@53"", ""qlib/rl/order_execution/state.py::SAOEMetrics@18"", ""qlib/rl/order_execution/state.py::SAOEState.backtest_data@89"", ""qlib/rl/order_execution/state.py::SAOEState.cur_step@77"", ""qlib/rl/order_execution/state.py::SAOEState.cur_time@75"", ""qlib/rl/order_execution/state.py::SAOEState.history_exec@81"", ""qlib/rl/order_execution/state.py::SAOEState.history_steps@83"", ""qlib/rl/order_execution/state.py::SAOEState.metrics@86"", ""qlib/rl/order_execution/state.py::SAOEState.order@73"", ""qlib/rl/order_execution/state.py::SAOEState.position@79"", ""qlib/rl/order_execution/state.py::SAOEState.ticks_for_order@100"", ""qlib/rl/order_execution/state.py::SAOEState.ticks_index@98"", ""qlib/rl/order_execution/state.py::SAOEState.ticks_per_step@96"", ""qlib/rl/order_execution/state.py::SAOEState@70""]","[""crates/core/src/dataframe_append/extended_plan.rs:65:state"", ""crates/core/src/dataframe_append/temporal_plan.rs:16:state"", ""crates/core/src/environment_step.rs:301:state"", ""crates/core/src/exchange_quote.rs:29:shared"", ""crates/core/src/lib.rs:148:saoe"", ""crates/core/src/saoe.rs:27:SaoeNumeric"", ""crates/core/src/saoe.rs:323:state"", ""crates/core/src/saoe.rs:34:SaoeTime"", ""crates/core/src/saoe.rs:350:state"", ""crates/core/src/saoe.rs:41:SaoeMetrics"", ""crates/core/src/saoe.rs:59:SaoeBacktestData"", ""crates/core/src/saoe.rs:69:SaoeStateParts"", ""crates/core/src/saoe.rs:85:SaoeState"", ""crates/core/src/saoe_int_strategy.rs:279:state"", ""crates/core/src/saoe_int_strategy.rs:31:state"", ""crates/core/src/saoe_live_registry.rs:160:state"", ""crates/core/src/saoe_live_registry.rs:36:state"", ""crates/core/src/saoe_state_adapter.rs:964:state"", ""crates/core/src/saoe_state_adapter.rs:988:state""]"
1,ledger-013,single-order outer strategy whole-file closure,"complete `qlib/rl/strategy/single_order.py::{<module>,SingleOrderStrategy,SingleOrderStrategy.__init__,SingleOrderStrategy.generate_trade_decision}`",`core::single_order_strategy::SingleOrderStrategy`,done,"3 tests; hash-pinned whole-source import/signature/identity contract; real Order/decision differential; stable/nightly 24/24 lines, 2/2 functions, 33/33 regions, no executable branches",None,4,"[""qlib/rl/strategy/single_order.py::<module>@1"", ""qlib/rl/strategy/single_order.py::SingleOrderStrategy.__init__@14"", ""qlib/rl/strategy/single_order.py::SingleOrderStrategy.generate_trade_decision@24"", ""qlib/rl/strategy/single_order.py::SingleOrderStrategy@11""]","[""crates/core/src/lib.rs:166:single_order_strategy"", ""crates/core/src/single_order_strategy.rs:11:SingleOrderStrategy""]"
1,ledger-014,RL strategy package export-surface closure,"complete `qlib/rl/strategy/__init__.py::{<module>,__all__}` and `SingleOrderStrategy` reexport identity/order",`core` crate-root `SingleOrderStrategy` reexport,done,"2 tests; hash-pinned live Python initializer differential; stable/nightly omit declaration-only `core/src/lib.rs`, so coverage N/A",None,2,"[""qlib/rl/strategy/__init__.py::<module>@1"", ""qlib/rl/strategy/__init__.py::__all__@5""]","[""crates/core/src/file_calendar_backend.rs:47:root"", ""crates/core/src/single_order_strategy.rs:11:SingleOrderStrategy""]"
1,ledger-015,RL package export-surface closure,"complete `qlib/rl/__init__.py::{<module>,__all__}` and six reexported object identities/order","`core` crate-root reexports of `Interpreter`, `StateInterpreter`, `ActionInterpreter`, `Reward`, `RewardCombination`, `Simulator`",done,"2 tests; hash-pinned live Python initializer differential; stable/nightly reports omit declaration-only `core/src/lib.rs`, so coverage N/A",None,2,"[""qlib/rl/__init__.py::<module>@1"", ""qlib/rl/__init__.py::__all__@8""]","[""crates/core/src/file_calendar_backend.rs:47:root"", ""crates/core/src/interpreter.rs:14:Interpreter"", ""crates/core/src/interpreter.rs:28:StateInterpreter"", ""crates/core/src/interpreter.rs:61:ActionInterpreter"", ""crates/core/src/reward.rs:9:Reward"", ""crates/core/src/saoe_reward.rs:70:RewardCombination"", ""crates/core/src/simulator.rs:16:Simulator""]"
1,ledger-016,generic auxiliary-information module closure,"complete `qlib/rl/aux_info.py::{<module>,__all__,AuxInfoType,AuxiliaryInfoCollector,AuxiliaryInfoCollector.env,AuxiliaryInfoCollector.__call__,AuxiliaryInfoCollector.collect}` including TYPE_CHECKING/import initialization","`auxiliary_info::{AuxInfoType<T>,AuxiliaryInfoCollector<State>}`, existing `EnvironmentAuxiliaryInfo` runtime adapter",done,"2 tests; hash-pinned live Python whole-file differential; stable/nightly 3/3 lines, 1/1 function, 5/5 regions, 0/0 branches, zero missing segments",None,7,"[""qlib/rl/aux_info.py::<module>@1"", ""qlib/rl/aux_info.py::AuxInfoType@18"", ""qlib/rl/aux_info.py::AuxiliaryInfoCollector.__call__@27"", ""qlib/rl/aux_info.py::AuxiliaryInfoCollector.collect@30"", ""qlib/rl/aux_info.py::AuxiliaryInfoCollector.env@24"", ""qlib/rl/aux_info.py::AuxiliaryInfoCollector@21"", ""qlib/rl/aux_info.py::__all__@16""]","[""crates/core/src/auxiliary_info.rs:4:AuxInfoType"", ""crates/core/src/auxiliary_info.rs:7:AuxiliaryInfoCollector"", ""crates/core/src/dataframe_append/extended_plan.rs:60:State"", ""crates/core/src/dataframe_append/temporal_plan.rs:10:State"", ""crates/core/src/environment_step.rs:361:EnvironmentAuxiliaryInfo"", ""crates/core/src/lib.rs:8:auxiliary_info"", ""crates/core/src/rl_candle_dqn_policy.rs:151:adapter"", ""crates/core/src/rl_candle_nstep.rs:70:adapter"", ""crates/core/src/rl_checkpoint_callback.rs:117:State"", ""crates/core/src/rl_checkpoint_file.rs:173:State"", ""crates/core/src/shared_nested_account.rs:43:adapter""]"
1,ledger-017,generic interpreter module closure,"complete `qlib/rl/interpreter.py::{ObsType,PolicyActType,Interpreter,StateInterpreter,StateInterpreter.observation_space,StateInterpreter.__call__,StateInterpreter.validate,StateInterpreter.interpret,ActionInterpreter,ActionInterpreter.action_space,ActionInterpreter.__call__,ActionInterpreter.validate,ActionInterpreter.interpret,_gym_space_contains,GymSpaceValidationError,GymSpaceValidationError.__init__,GymSpaceValidationError.__str__}` plus module surface/import initialization","`interpreter::{ObsType<T>,PolicyActType<T>,Interpreter,StateInterpreter,ActionInterpreter,SampleSpace,GymSpace,GymSample,GymSpaceValidationError,gym_space_contains}`",done,"4 tests; hash-pinned live Python whole-file differential; final stable/nightly `interpreter.rs` 178/178 lines, 16/16 functions, 245/245 regions, nightly 20/20 branches, zero missing segments",None,18,"[""qlib/rl/interpreter.py::<module>@1"", ""qlib/rl/interpreter.py::ActionInterpreter.__call__@75"", ""qlib/rl/interpreter.py::ActionInterpreter.action_space@71"", ""qlib/rl/interpreter.py::ActionInterpreter.interpret@84"", ""qlib/rl/interpreter.py::ActionInterpreter.validate@80"", ""qlib/rl/interpreter.py::ActionInterpreter@67"", ""qlib/rl/interpreter.py::GymSpaceValidationError.__init__@135"", ""qlib/rl/interpreter.py::GymSpaceValidationError.__str__@140"", ""qlib/rl/interpreter.py::GymSpaceValidationError@134"", ""qlib/rl/interpreter.py::Interpreter@19"", ""qlib/rl/interpreter.py::ObsType@15"", ""qlib/rl/interpreter.py::PolicyActType@16"", ""qlib/rl/interpreter.py::StateInterpreter.__call__@43"", ""qlib/rl/interpreter.py::StateInterpreter.interpret@52"", ""qlib/rl/interpreter.py::StateInterpreter.observation_space@39"", ""qlib/rl/interpreter.py::StateInterpreter.validate@48"", ""qlib/rl/interpreter.py::StateInterpreter@35"", ""qlib/rl/interpreter.py::_gym_space_contains@101""]","[""crates/core/src/interpreter.rs:107:GymSpace"", ""crates/core/src/interpreter.rs:115:GymSample"", ""crates/core/src/interpreter.rs:11:PolicyActType"", ""crates/core/src/interpreter.rs:14:Interpreter"", ""crates/core/src/interpreter.rs:17:SampleSpace"", ""crates/core/src/interpreter.rs:183:GymSpaceValidationError"", ""crates/core/src/interpreter.rs:268:gym_space_contains"", ""crates/core/src/interpreter.rs:28:StateInterpreter"", ""crates/core/src/interpreter.rs:61:ActionInterpreter"", ""crates/core/src/interpreter.rs:8:ObsType"", ""crates/core/src/lib.rs:63:interpreter""]"
1,ledger-018,generic simulator module closure,"complete `qlib/rl/simulator.py::{StateType,ActType,Simulator,Simulator.env,Simulator.__init__,Simulator.step,Simulator.get_state,Simulator.done}` plus module surface/import initialization","`simulator::{StateType<T>,ActType<T>,Simulator<InitialState,State,Action>}`, `EnvironmentSimulator`, `EnvironmentSimulatorFactory`",done,2 tests; hash-pinned live Python whole-file differential; stable/nightly reports omit production `simulator.rs` because aliases and trait declarations have no executable coverage denominator,None,9,"[""qlib/rl/simulator.py::<module>@1"", ""qlib/rl/simulator.py::ActType@17"", ""qlib/rl/simulator.py::Simulator.__init__@54"", ""qlib/rl/simulator.py::Simulator.done@68"", ""qlib/rl/simulator.py::Simulator.env@52"", ""qlib/rl/simulator.py::Simulator.get_state@65"", ""qlib/rl/simulator.py::Simulator.step@57"", ""qlib/rl/simulator.py::Simulator@21"", ""qlib/rl/simulator.py::StateType@13""]","[""crates/core/src/dataframe_append/extended_plan.rs:60:State"", ""crates/core/src/dataframe_append/temporal_plan.rs:10:State"", ""crates/core/src/environment_reset.rs:10:EnvironmentSimulatorFactory"", ""crates/core/src/environment_step.rs:294:EnvironmentSimulator"", ""crates/core/src/interpreter.rs:62:Action"", ""crates/core/src/lib.rs:124:simulator"", ""crates/core/src/rl_checkpoint_callback.rs:117:State"", ""crates/core/src/rl_checkpoint_file.rs:173:State"", ""crates/core/src/simulator.rs:16:Simulator"", ""crates/core/src/simulator.rs:4:StateType"", ""crates/core/src/simulator.rs:7:ActType""]"
1,ledger-019,generic reward module closure,"complete `qlib/rl/reward.py::{SimulatorState,Reward,Reward.env,Reward.__call__,Reward.reward,Reward.log,RewardCombination,RewardCombination.__init__,RewardCombination.reward}` plus module surface/import initialization","`reward::Reward<State>`, `SaoeReward`, `SaoeRewardLogSink`, `RewardCombination`, `WeightedSaoeReward`",done,"9 tests; hash-pinned live Python whole-file and ordered-combination differentials; final stable/nightly `reward.rs` 3/3 lines,1/1 function,5/5 regions; `saoe_reward.rs` 234/234,28/28,319/319,nightly 26/26 branches",None,10,"[""qlib/rl/reward.py::<module>@1"", ""qlib/rl/reward.py::Reward.__call__@26"", ""qlib/rl/reward.py::Reward.env@23"", ""qlib/rl/reward.py::Reward.log@33"", ""qlib/rl/reward.py::Reward.reward@29"", ""qlib/rl/reward.py::Reward@16"", ""qlib/rl/reward.py::RewardCombination.__init__@41"", ""qlib/rl/reward.py::RewardCombination.reward@44"", ""qlib/rl/reward.py::RewardCombination@38"", ""qlib/rl/reward.py::SimulatorState@13""]","[""crates/core/src/dataframe_append/extended_plan.rs:60:State"", ""crates/core/src/dataframe_append/temporal_plan.rs:10:State"", ""crates/core/src/environment_step.rs:354:reward"", ""crates/core/src/environment_step.rs:448:reward"", ""crates/core/src/lib.rs:93:reward"", ""crates/core/src/reward.rs:17:reward"", ""crates/core/src/reward.rs:9:Reward"", ""crates/core/src/rl_checkpoint_callback.rs:117:State"", ""crates/core/src/rl_checkpoint_file.rs:173:State"", ""crates/core/src/saoe_reward.rs:100:reward"", ""crates/core/src/saoe_reward.rs:148:reward"", ""crates/core/src/saoe_reward.rs:19:SaoeRewardLogSink"", ""crates/core/src/saoe_reward.rs:219:reward"", ""crates/core/src/saoe_reward.rs:59:SaoeReward"", ""crates/core/src/saoe_reward.rs:64:reward"", ""crates/core/src/saoe_reward.rs:67:WeightedSaoeReward"", ""crates/core/src/saoe_reward.rs:70:RewardCombination""]"
1,ledger-020,abstract portfolio optimizer,"complete `qlib/contrib/strategy/optimizer/base.py::{BaseOptimizer,BaseOptimizer.__call__}` module, including public surface and import initialization","`portfolio_optimizer::BaseOptimizer<Arguments>`, `portfolio_optimizer::BaseOptimizer::call`",done,2 tests; hash-pinned live Python whole-file differential; stable/nightly reports omit production `portfolio_optimizer.rs` because the trait declaration has no executable coverage denominator,None,3,"[""qlib/contrib/strategy/optimizer/base.py::<module>@1"", ""qlib/contrib/strategy/optimizer/base.py::BaseOptimizer.__call__@11"", ""qlib/contrib/strategy/optimizer/base.py::BaseOptimizer@7""]","[""crates/core/src/auxiliary_info.rs:21:call"", ""crates/core/src/interpreter.rs:53:call"", ""crates/core/src/interpreter.rs:90:call"", ""crates/core/src/lib.rs:84:portfolio_optimizer"", ""crates/core/src/portfolio_optimizer.rs:14:call"", ""crates/core/src/portfolio_optimizer.rs:9:BaseOptimizer"", ""crates/core/src/reward.rs:23:call"", ""crates/core/src/rl_checkpoint_callback.rs:314:call"", ""crates/core/src/rl_checkpoint_lossless_callback.rs:221:call"", ""crates/core/src/rl_early_stopping.rs:380:call"", ""crates/core/src/rl_metrics_writer.rs:117:call"", ""crates/core/src/rl_trainer_driver.rs:157:call"", ""crates/core/src/rl_trainer_driver.rs:337:call""]"
1,ledger-021,simulator initial-state type,"complete `qlib/rl/seed.py` module: docstring, `InitialStateType`, public surface and import initialization",`InitialStateType<T>`,done,2 tests; hash-pinned live Python whole-file differential; stable/nightly reports omit `rl_seed.rs` because the alias has no executable coverage denominator,None,2,"[""qlib/rl/seed.py::<module>@1"", ""qlib/rl/seed.py::InitialStateType@11""]","[""crates/core/src/rl_seed.rs:7:InitialStateType""]"
1,ledger-022,Qlib exception categories,"`qlib/utils/exceptions.py::{QlibException,RecorderInitializationError,LoadObjectError,ExpAlreadyExistError}`","`QlibException`, `RecorderInitializationError`, `LoadObjectError`, `ExpAlreadyExistError`, `QlibError`",done,"2 tests; hash-pinned live Python whole-file differential; stable/nightly 20/20 lines, 6/6 functions, 25/25 regions, zero missing segments; no executable branches",None,5,"[""qlib/utils/exceptions.py::<module>@1"", ""qlib/utils/exceptions.py::ExpAlreadyExistError@18"", ""qlib/utils/exceptions.py::LoadObjectError@14"", ""qlib/utils/exceptions.py::QlibException@6"", ""qlib/utils/exceptions.py::RecorderInitializationError@10""]","[""crates/core/src/qlib_exceptions.rs:13:QlibException"", ""crates/core/src/qlib_exceptions.rs:19:RecorderInitializationError"", ""crates/core/src/qlib_exceptions.rs:25:LoadObjectError"", ""crates/core/src/qlib_exceptions.rs:31:ExpAlreadyExistError"", ""crates/core/src/qlib_exceptions.rs:6:QlibError""]"
1,ledger-023,passive package initializers,"`qlib/cli/__init__.py`, `qlib/contrib/__init__.py`, `qlib/contrib/data/__init__.py`, `qlib/contrib/data/utils/__init__.py`, `qlib/contrib/eva/__init__.py`, `qlib/contrib/online/__init__.py`, `qlib/contrib/ops/__init__.py`, `qlib/contrib/report/data/__init__.py`, `qlib/contrib/rolling/__init__.py`, `qlib/contrib/tuner/__init__.py`, `qlib/data/_libs/__init__.py`, `qlib/model/ens/__init__.py`, `qlib/model/interpret/__init__.py`, `qlib/rl/contrib/__init__.py`, `qlib/rl/data/__init__.py`, `qlib/strategy/__init__.py`, `qlib/workflow/online/__init__.py`, `qlib/workflow/task/__init__.py`",N/A (source-only absence contract),done,live Python AST/bytecode/import differential; stable/nightly reports contain 0 production files because no runtime implementation exists,None,18,"[""qlib/cli/__init__.py::<module>@1"", ""qlib/contrib/__init__.py::<module>@1"", ""qlib/contrib/data/__init__.py::<module>@1"", ""qlib/contrib/data/utils/__init__.py::<module>@1"", ""qlib/contrib/eva/__init__.py::<module>@1"", ""qlib/contrib/online/__init__.py::<module>@1"", ""qlib/contrib/ops/__init__.py::<module>@1"", ""qlib/contrib/report/data/__init__.py::<module>@1"", ""qlib/contrib/rolling/__init__.py::<module>@1"", ""qlib/contrib/tuner/__init__.py::<module>@1"", ""qlib/data/_libs/__init__.py::<module>@1"", ""qlib/model/ens/__init__.py::<module>@1"", ""qlib/model/interpret/__init__.py::<module>@1"", ""qlib/rl/contrib/__init__.py::<module>@1"", ""qlib/rl/data/__init__.py::<module>@1"", ""qlib/strategy/__init__.py::<module>@1"", ""qlib/workflow/online/__init__.py::<module>@1"", ""qlib/workflow/task/__init__.py::<module>@1""]",[]
1,ledger-024,runtime constants,"complete `qlib/constant.py` module: values, time values, `float_or_ndarray`, public surface and import initialization","`domain_core::constants::{REG_CN,REG_US,REG_TW,EPS,INF,ONE_DAY,ONE_MIN,EPS_T,FloatOrNdarray}`",done,"3 tests; hash-pinned live Python whole-file differential; stable/nightly 6/6 lines, 1/1 function, 6/6 regions, 0 raw missing segments; no executable branches",None,2,"[""qlib/constant.py::<module>@1"", ""qlib/constant.py::float_or_ndarray@22""]","[""crates/core/src/constants.rs:12:REG_US"", ""crates/core/src/constants.rs:15:REG_TW"", ""crates/core/src/constants.rs:18:EPS"", ""crates/core/src/constants.rs:21:INF"", ""crates/core/src/constants.rs:24:ONE_DAY"", ""crates/core/src/constants.rs:27:ONE_MIN"", ""crates/core/src/constants.rs:30:EPS_T"", ""crates/core/src/constants.rs:36:FloatOrNdarray"", ""crates/core/src/constants.rs:9:REG_CN"", ""crates/core/src/lib.rs:30:constants"", ""crates/core/src/saoe_state_adapter.rs:20:EPS""]"
1,ledger-025,region defaults,"`qlib.config._default_region_config`, `QlibConfig.set_region`","`RegionConfig`, `Region::defaults`",done,3 focused tests; live Python AST differential; 100% lines/functions/regions; 0 missed branches,None,4,"[""qlib/config.py::<module>@1"", ""qlib/config.py::QlibConfig.set@444"", ""qlib/config.py::QlibConfig.set_region@412"", ""qlib/config.py::QlibConfig@335""]","[""crates/core/src/config.rs:21:defaults"", ""crates/core/src/config.rs:9:RegionConfig"", ""crates/core/src/constants.rs:64:Region""]"
1,ledger-026,frequency value object,`qlib.utils.time.Freq`,"`Frequency`, `FrequencyUnit`",done,7 focused tests; live Python class differential; 100% lines/functions/regions/branches,None,1,"[""qlib/utils/time.py::<module>@1""]","[""crates/core/src/frequency.rs:21:FrequencyUnit"", ""crates/core/src/frequency.rs:54:Frequency""]"
1,ledger-027,intraday minute calendar,"`qlib.utils.time.{CN_TIME,US_TIME,TW_TIME,get_min_cal}`","`TradingSession`, `Region::trading_sessions`, `minute_calendar`",done,2 focused tests; live Python AST differential; 100% lines/functions/regions/branches,None,4,"[""qlib/utils/time.py::<module>@1"", ""qlib/utils/time.py::TW_TIME@25"", ""qlib/utils/time.py::US_TIME@24"", ""qlib/utils/time.py::get_min_cal@32""]","[""crates/core/src/constants.rs:64:Region"", ""crates/core/src/market_calendar.rs:102:minute_calendar"", ""crates/core/src/market_calendar.rs:18:TradingSession""]"
1,ledger-028,intraday minute indices,"`qlib.utils.time.{time_to_day_index,get_day_min_idx_range}`","`time_to_day_index`, `day_minute_index_range`",done,3 focused tests; live Python AST differential; 100% lines/functions/regions/branches,None,2,"[""qlib/utils/time.py::<module>@1"", ""qlib/utils/time.py::get_day_min_idx_range@283""]","[""crates/core/src/intraday_index.rs:51:time_to_day_index"", ""crates/core/src/intraday_index.rs:87:day_minute_index_range""]"
1,ledger-029,sampled-minute alignment,"`qlib.utils.time.{concat_date_time,cal_sam_minute}`",`align_sampled_minute`,done,"4 focused tests; 5,400-case live Python differential; 100% lines/functions/regions/branches",None,2,"[""qlib/utils/time.py::<module>@1"", ""qlib/utils/time.py::cal_sam_minute@323""]","[""crates/core/src/minute_alignment.rs:33:align_sampled_minute""]"
1,ledger-030,single-value interval predicate,`qlib.utils.time.is_single_value`,`is_single_market_value`,done,2 focused tests; live Python AST differential; 100% lines/functions/regions/branches,None,1,"[""qlib/utils/time.py::<module>@1""]","[""crates/core/src/single_value.rs:13:is_single_market_value""]"
1,ledger-031,epsilon timestamp shift,`qlib.utils.time.epsilon_change`,"`epsilon_change`, `EpsilonDirection`",done,3 focused tests; live Python AST differential; 100% lines/functions/regions/branches,None,1,"[""qlib/utils/time.py::<module>@1""]","[""crates/core/src/epsilon.rs:16:EpsilonDirection"", ""crates/core/src/epsilon.rs:55:epsilon_change""]"
1,ledger-032,calendar resampling,`qlib.utils.resam.resam_calendar`,`resample_calendar`,done,4 focused tests; live Python AST differential; 100% lines/functions/regions/branches,None,1,"[""qlib/utils/resam.py::<module>@1""]","[""crates/core/src/calendar_resample.rs:37:resample_calendar""]"
1,ledger-033,first/last valid values,"`qlib.utils.resam.{get_valid_value,_ts_data_valid,ts_data_first,ts_data_last}`",Arrow `valid_value(s)` APIs,done,5 focused tests; live Python AST differential; 100% lines/functions/regions/branches,None,4,"[""qlib/utils/resam.py::<module>@1"", ""qlib/utils/resam.py::_ts_data_valid@228"", ""qlib/utils/resam.py::ts_data_first@239"", ""qlib/utils/resam.py::ts_data_last@238""]","[""crates/core/src/lib.rs:184:valid_value"", ""crates/core/src/valid_value.rs:33:valid_value""]"
1,ledger-034,feature-frequency fallback,`qlib.utils.resam.get_higher_eq_freq_feature`,"`FeatureProvider`, `get_higher_eq_frequency_features`",done,4 focused tests; live Python AST differential; 100% lines/functions/regions/branches,None,1,"[""qlib/utils/resam.py::<module>@1""]","[""crates/core/src/feature_provider.rs:119:get_higher_eq_frequency_features"", ""crates/core/src/feature_provider.rs:78:FeatureProvider""]"
1,ledger-035,time-series index selection,`qlib.utils.resam.resam_ts_data` sorting/slicing stage,`select_time_series`,done,6 focused tests; live Python AST differential; 100% lines/functions/regions/branches,None,1,"[""qlib/utils/resam.py::<module>@1""]","[""crates/core/src/time_series_selection.rs:111:select_time_series""]"
1,ledger-036,time-series built-in aggregation,`qlib.utils.resam.resam_ts_data` string-method stage,`aggregate_time_series`,done,Default and typed `method_kwargs`; live Python differential; 100% coverage,None,1,"[""qlib/utils/resam.py::<module>@1""]","[""crates/core/src/time_series_aggregation.rs:111:aggregate_time_series""]"
1,ledger-037,time-series callable aggregation,`qlib.utils.resam.resam_ts_data` callable stage,"`TimeSeriesAggregator`, `aggregate_time_series_with`",done,"Live Python differential plus Rust lifecycle, shape, dtype, and kwargs tests",Physical plugin ABI remains separate,1,"[""qlib/utils/resam.py::<module>@1""]","[""crates/core/src/time_series_callable.rs:129:aggregate_time_series_with"", ""crates/core/src/time_series_callable.rs:34:TimeSeriesAggregator""]"
1,ledger-038,unified time-series resampling,`qlib.utils.resam.resam_ts_data` dispatch,"`TimeSeriesMethod`, `resample_time_series`",done,3 focused tests; live Python method/kwargs differential; 100% lines/functions/regions/branches,Python binding remains separate,1,"[""qlib/utils/resam.py::<module>@1""]","[""crates/core/src/time_series_resample.rs:17:TimeSeriesMethod"", ""crates/core/src/time_series_resample.rs:89:resample_time_series""]"
1,ledger-039,Arrow quote access,`qlib.backtest.high_performance_ds.PandasQuote`,"`Quote`, `ArrowQuote`, `QuoteData`",done,4 focused tests; live Python class differential; 100% lines/functions/regions/branches,Python binding remains separate,1,"[""qlib/backtest/high_performance_ds.py::<module>@1""]","[""crates/core/src/quote.rs:170:Quote"", ""crates/core/src/quote.rs:190:ArrowQuote"", ""crates/core/src/quote.rs:67:QuoteData""]"
1,ledger-040,cached NumPy quote access,`qlib.backtest.high_performance_ds.NumpyQuote`,`NumpyQuote` over `Quote`,done,4 focused tests; live Python class differential; 100% lines/functions/regions/branches,Python binding remains separate,1,"[""qlib/backtest/high_performance_ds.py::<module>@1""]","[""crates/core/src/numpy_quote.rs:33:NumpyQuote"", ""crates/core/src/quote.rs:170:Quote""]"
1,ledger-041,single metric operations,"`qlib.backtest.high_performance_ds.{BaseSingleMetric,SingleMetric,PandasSingleMetric}`","`SingleMetric`, `PandasSingleMetric`",done,5 focused tests; live Python AST differential; 100% lines/functions/regions/branches,Physical plugin ABI remains separate,3,"[""qlib/backtest/high_performance_ds.py::<module>@1"", ""qlib/backtest/high_performance_ds.py::PandasSingleMetric@508"", ""qlib/backtest/high_performance_ds.py::SingleMetric@436""]","[""crates/core/src/single_metric.rs:17:SingleMetric"", ""crates/core/src/single_metric.rs:65:PandasSingleMetric""]"
1,ledger-042,ordered Pandas indicators,"`qlib.backtest.high_performance_ds.{BaseOrderIndicator,PandasOrderIndicator}`","`OrderIndicator`, `PandasOrderIndicator`, `OrderIndicatorTransform`",done,4 focused tests; live Python AST differential; 100% lines/functions/regions/branches,Physical plugin ABI remains separate,2,"[""qlib/backtest/high_performance_ds.py::<module>@1"", ""qlib/backtest/high_performance_ds.py::PandasOrderIndicator@556""]","[""crates/core/src/order_indicator.rs:10:OrderIndicator"", ""crates/core/src/order_indicator.rs:27:OrderIndicatorTransform"", ""crates/core/src/order_indicator.rs:86:PandasOrderIndicator""]"
1,ledger-043,dense NumPy indicators,"`qlib.backtest.high_performance_ds.NumpyOrderIndicator`, required `qlib.utils.index_data.SingleData` subset","`SingleData`, `DenseMetric`, `NumpyOrderIndicator`, `DenseIndicatorTransform`",done,7 focused tests; live Python source differential; 100% lines/functions/regions/branches,Full `IndexData`/`MultiData` remains separate,2,"[""qlib/backtest/high_performance_ds.py::<module>@1"", ""qlib/utils/index_data.py::<module>@1""]","[""crates/core/src/numpy_order_indicator.rs:24:DenseIndicatorTransform"", ""crates/core/src/numpy_order_indicator.rs:84:NumpyOrderIndicator"", ""crates/core/src/single_data.rs:11:DenseMetric"", ""crates/core/src/single_data.rs:32:SingleData""]"
1,ledger-044,core order value,"`qlib.backtest.decision.{OrderDir,Order}`","`OrderDir`, `Order`, `ParseOrderDirectionTransform`",done,4 focused tests; live Python AST differential; 100% lines/functions/regions/branches,Timezone adapter remains separate,2,"[""qlib/backtest/decision.py::<module>@1"", ""qlib/backtest/decision.py::Order@37""]","[""crates/core/src/order.rs:113:Order"", ""crates/core/src/order.rs:26:OrderDir"", ""crates/core/src/order.rs:283:ParseOrderDirectionTransform""]"
1,ledger-045,trade range rules,"`qlib.backtest.decision.{TradeRange,IdxTradeRange,TradeRangeByTime}`","`TradeRange`, `TradeCalendarRange`, typed range implementations",done,3 focused tests; live Python AST differential; 100% lines/functions/regions/branches,Full decision/calendar orchestration remains separate,3,"[""qlib/backtest/decision.py::<module>@1"", ""qlib/backtest/decision.py::IdxTradeRange@252"", ""qlib/backtest/decision.py::TradeRangeByTime@264""]","[""crates/core/src/trade_range.rs:18:TradeCalendarRange"", ""crates/core/src/trade_range.rs:66:TradeRange""]"
1,ledger-046,base volume and price,`Indicator._get_base_vol_pri`,"`base_price`, `Indicator::get_base_volume_price`",done,4 focused tests; live Python AST differential; 100% lines/functions/regions/branches,Full Exchange construction remains separate,2,"[""qlib/backtest/report.py::Indicator._get_base_vol_pri@380"", ""qlib/backtest/report.py::Indicator@249""]","[""crates/core/src/lib.rs:11:base_price"", ""crates/core/src/report_indicator.rs:377:Indicator"", ""crates/core/src/report_indicator.rs:668:get_base_volume_price""]"
1,ledger-047,cross-step base-price aggregation,`Indicator._agg_base_price`,"`Indicator::aggregate_base_price`, `BasePriceStep`",done,3 aggregation tests plus existing base-price matrix; dual-backend live Python differential; 100% lines/functions/regions/branches,Decision extraction remains separate,2,"[""qlib/backtest/report.py::Indicator._agg_base_price@455"", ""qlib/backtest/report.py::Indicator@249""]","[""crates/core/src/base_price.rs:184:BasePriceStep"", ""crates/core/src/report_indicator.rs:377:Indicator"", ""crates/core/src/report_indicator.rs:686:aggregate_base_price""]"
1,ledger-048,full order-indicator orchestration,`Indicator.agg_order_indicators`,`Indicator::agg_order_indicators`,done,4 focused tests; full dual-backend live Python differential; 100% lines/functions/regions/branches,Decision extraction remains separate,2,"[""qlib/backtest/report.py::Indicator.agg_order_indicators@539"", ""qlib/backtest/report.py::Indicator@249""]","[""crates/core/src/report_indicator.rs:377:Indicator""]"
1,ledger-049,Exchange quote provider adapter,"`Exchange.{get_deal_price,get_volume}`","`ExchangeQuoteProvider`, `DealPriceFields`",done,3 focused tests; live Python AST differential; 100% lines/functions/regions/branches,Full Exchange construction remains separate,2,"[""qlib/backtest/exchange.py::Exchange.get_deal_price@494"", ""qlib/backtest/exchange.py::Exchange@28""]","[""crates/core/src/exchange_quote.rs:18:DealPriceFields"", ""crates/core/src/exchange_quote.rs:96:ExchangeQuoteProvider""]"
1,ledger-050,typed order trade decisions,"`qlib.backtest.decision.{BaseTradeDecision,BaseTradeDecision.__init__,EmptyTradeDecision,TradeDecisionWO,TradeDecisionWO.__init__,TradeDecisionWO.__repr__,TradeDecisionWithDetails,TradeDecisionWithDetails.__init__}`","`TradeDecision<T>`, `OrderTradeDecision`, `TradeDecisionWithDetails<D>`, `OrderDecision`, `TradeDecisionReprContext`, `format_trade_decision_repr`, `SharedOrderDecisionConstruction<S,D>`, `SharedDecisionOrders`",done,14 focused tests; live Python AST differentials; affected files exactly 100% lines/functions/regions/branches,"Shared constructor/executor integration, adapter implementations and full source boundaries remain; see decision-migration-audit.md",9,"[""qlib/backtest/decision.py::<module>@1"", ""qlib/backtest/decision.py::BaseTradeDecision.__init__@318"", ""qlib/backtest/decision.py::BaseTradeDecision@302"", ""qlib/backtest/decision.py::EmptyTradeDecision@539"", ""qlib/backtest/decision.py::TradeDecisionWO.__init__@553"", ""qlib/backtest/decision.py::TradeDecisionWO.__repr__@572"", ""qlib/backtest/decision.py::TradeDecisionWO@547"", ""qlib/backtest/decision.py::TradeDecisionWithDetails.__init__@587"", ""qlib/backtest/decision.py::TradeDecisionWithDetails@581""]","[""crates/core/src/decision_construction.rs:108:SharedOrderDecisionConstruction"", ""crates/core/src/decision_construction.rs:20:SharedDecisionOrders"", ""crates/core/src/trade_decision.rs:210:OrderTradeDecision"", ""crates/core/src/trade_decision.rs:255:OrderDecision"", ""crates/core/src/trade_decision.rs:42:TradeDecision"", ""crates/core/src/trade_decision_details.rs:12:TradeDecisionWithDetails"", ""crates/core/src/trade_decision_repr.rs:42:format_trade_decision_repr"", ""crates/core/src/trade_decision_repr.rs:8:TradeDecisionReprContext""]"
1,ledger-051,simulator order iteration,"`_retrieve_orders_from_decision`, `SimulatorExecutor._get_order_iterator`, `SimulatorExecutor._collect_data`","`retrieve_orders_from_decision`, `simulator_order_iterator`, `shared_simulator_order_iterator`, `SimulatorCollector::collect_shared_data`, `SharedSimulatorCollection`, `SharedSimulatorExecution`",done,14 focused tests; live source/alias differentials; both affected files exactly 100% lines/functions/regions/branches,Shared atomic/report/nested transport and reentrant same-order plugin interface remain separate,4,"[""qlib/backtest/executor.py::SimulatorExecutor._collect_data@590"", ""qlib/backtest/executor.py::SimulatorExecutor._get_order_iterator@561"", ""qlib/backtest/executor.py::SimulatorExecutor@513"", ""qlib/backtest/executor.py::_retrieve_orders_from_decision@501""]","[""crates/core/src/nested_executor.rs:441:collect_shared_data"", ""crates/core/src/shared_simulator.rs:34:shared_simulator_order_iterator"", ""crates/core/src/shared_simulator.rs:69:SharedSimulatorExecution"", ""crates/core/src/shared_simulator.rs:82:SharedSimulatorCollection"", ""crates/core/src/simulator_executor.rs:214:SimulatorCollector"", ""crates/core/src/simulator_executor.rs:305:collect_shared_data"", ""crates/core/src/simulator_executor.rs:54:retrieve_orders_from_decision"", ""crates/core/src/simulator_executor.rs:68:simulator_order_iterator""]"
1,ledger-052,Exchange execution sizing,"`Exchange.{_get_factor_or_raise_error,get_amount_of_trade_unit,round_amount_by_trade_unit,_get_buy_amount_by_cash_limit}`","`ExchangeExecutionSizer`, `FactorProvider`",done,5 focused tests; live Python AST differential; 100% lines/functions/regions/branches,Volume clipping and order dealing remain separate,5,"[""qlib/backtest/exchange.py::Exchange._get_buy_amount_by_cash_limit@834"", ""qlib/backtest/exchange.py::Exchange._get_factor_or_raise_error@712"", ""qlib/backtest/exchange.py::Exchange.get_amount_of_trade_unit@728"", ""qlib/backtest/exchange.py::Exchange.round_amount_by_trade_unit@761"", ""qlib/backtest/exchange.py::Exchange@28""]","[""crates/core/src/exchange_sizing.rs:19:FactorProvider"", ""crates/core/src/exchange_sizing.rs:84:ExchangeExecutionSizer""]"
1,ledger-053,Exchange volume clipping,`Exchange._clip_amount_by_volume`,"`ExchangeVolumeLimiter`, `VolumeLimitProvider`",done,5 focused tests; live Python AST differential; 100% lines/functions/regions/branches,Full trade calculation and account mutation remain separate,2,"[""qlib/backtest/exchange.py::Exchange._clip_amount_by_volume@786"", ""qlib/backtest/exchange.py::Exchange@28""]","[""crates/core/src/exchange_volume.rs:135:ExchangeVolumeLimiter"", ""crates/core/src/exchange_volume.rs:86:VolumeLimitProvider""]"
1,ledger-054,account portfolio-metric update,`Account.update_portfolio_metrics`,"`Account`, extended `AccountPosition`, `PortfolioMetrics`",done,6 metric-focused account tests; live Python AST differential; whole workspace 100% lines/functions/regions/branches,Historical-position snapshots and full bar-end orchestration remain separate,2,"[""qlib/backtest/account.py::Account.update_portfolio_metrics@250"", ""qlib/backtest/account.py::Account@71""]","[""crates/core/src/account.rs:1017:Account"", ""crates/core/src/account.rs:166:AccountPosition"", ""crates/core/src/portfolio_metrics.rs:149:PortfolioMetrics"", ""crates/core/src/strategy_executor_construction.rs:54:Account""]"
1,ledger-055,account historical-position snapshots,`Account.update_hist_positions`,"`Account::update_historical_positions`, `HistoricalPosition`",done,3 focused tests; five-stage live Python AST differential; whole workspace 100% lines/functions/regions/branches,Indicator update and full bar-end orchestration remain separate,2,"[""qlib/backtest/account.py::Account.update_hist_positions@293"", ""qlib/backtest/account.py::Account@71""]","[""crates/core/src/account.rs:1017:Account"", ""crates/core/src/account.rs:1419:update_historical_positions"", ""crates/core/src/account.rs:912:HistoricalPosition"", ""crates/core/src/strategy_executor_construction.rs:54:Account""]"
1,ledger-056,account indicator orchestration,`Account.update_indicator`,"`Account::update_indicator`, `AccountIndicator`, `AccountIndicatorOutput`",done,4 focused tests; atomic/nested live Python AST differential; whole workspace 100% lines/functions/regions/branches,Full `update_bar_end` composition remains separate,2,"[""qlib/backtest/account.py::Account.update_indicator@303"", ""qlib/backtest/account.py::Account@71""]","[""crates/core/src/account.rs:1017:Account"", ""crates/core/src/account.rs:1446:update_indicator"", ""crates/core/src/account.rs:630:AccountIndicator"", ""crates/core/src/account.rs:834:AccountIndicatorOutput"", ""crates/core/src/strategy_executor_construction.rs:54:Account""]"
1,ledger-057,account bar-end orchestration,`Account.update_bar_end`,"`Account::update_bar_end`, `AccountBarEndMode`, `AccountBarEndUpdate`",done,Historical source differential plus shared-order live read after market/reset; current account.rs exactly 100% lines/functions/regions/branches; full workspace gate still fails elsewhere,Nested shared-result transport remains separate,2,"[""qlib/backtest/account.py::Account.update_bar_end@338"", ""qlib/backtest/account.py::Account@71""]","[""crates/core/src/account.rs:1017:Account"", ""crates/core/src/account.rs:1489:update_bar_end"", ""crates/core/src/account.rs:612:AccountBarEndMode"", ""crates/core/src/account.rs:620:AccountBarEndUpdate"", ""crates/core/src/account_executor.rs:60:update_bar_end"", ""crates/core/src/executor_lifecycle.rs:105:update_bar_end"", ""crates/core/src/nested_account_executor.rs:67:update_bar_end"", ""crates/core/src/nested_executor_lifecycle.rs:73:update_bar_end"", ""crates/core/src/shared_nested_account.rs:67:update_bar_end"", ""crates/core/src/strategy_executor_construction.rs:54:Account""]"
1,ledger-058,concrete atomic account lifecycle bridge,`BaseExecutor.collect_data` + `Account`/`Position` settlement,"`AtomicAccountAdapter`, extended `AccountPosition`, `SharedAtomicExecutorLifecycle`, `SharedAtomicResult`, `SharedAtomicExecutorAccount`",done,Historical lifecycle tests plus 3 native shared Account/Indicator tests; actual source alias/read-order oracles; three changed files exactly 100% lines/functions/regions/branches,Nested shared-result transport and same-order reentrant dealer/report plugins remain separate,4,"[""qlib/backtest/account.py::Account@71"", ""qlib/backtest/executor.py::BaseExecutor.collect_data@227"", ""qlib/backtest/executor.py::BaseExecutor@22"", ""qlib/backtest/position.py::Position@231""]","[""crates/core/src/account.rs:166:AccountPosition"", ""crates/core/src/account_executor.rs:9:AtomicAccountAdapter"", ""crates/core/src/shared_executor_lifecycle.rs:107:SharedAtomicExecutorLifecycle"", ""crates/core/src/shared_executor_lifecycle.rs:17:SharedAtomicResult"", ""crates/core/src/shared_executor_lifecycle.rs:51:SharedAtomicExecutorAccount""]"
1,ledger-059,account report access and owned indicator snapshots,"`Account.{get_portfolio_metrics,get_trade_indicator}`","`AccountPortfolioReport`, `Account::{portfolio_report,indicator,order_indicator_snapshot}`",done,4 focused tests; 2 live Python AST differentials; whole workspace 100% lines/functions/regions/branches,Nested-executor loop remains separate,2,"[""qlib/backtest/account.py::Account.get_portfolio_metrics@405"", ""qlib/backtest/account.py::Account@71""]","[""crates/core/src/account.rs:1017:Account"", ""crates/core/src/account.rs:1194:order_indicator_snapshot"", ""crates/core/src/account.rs:1336:portfolio_report"", ""crates/core/src/account.rs:707:order_indicator_snapshot"", ""crates/core/src/account.rs:804:order_indicator_snapshot"", ""crates/core/src/account.rs:956:indicator"", ""crates/core/src/account.rs:972:indicator"", ""crates/core/src/account.rs:999:AccountPortfolioReport"", ""crates/core/src/account_executor.rs:87:order_indicator_snapshot"", ""crates/core/src/atomic_nested_inner.rs:125:order_indicator_snapshot"", ""crates/core/src/executor_lifecycle.rs:119:order_indicator_snapshot"", ""crates/core/src/live_recursive_inner.rs:199:order_indicator_snapshot"", ""crates/core/src/nested_executor.rs:529:order_indicator_snapshot"", ""crates/core/src/owned_atomic_inner.rs:208:order_indicator_snapshot"", ""crates/core/src/recursive_nested_inner.rs:244:order_indicator_snapshot"", ""crates/core/src/strategy_executor_construction.rs:54:Account""]"
1,ledger-060,synchronous nested-executor collection loop,`NestedExecutor._collect_data` immediate-decision path,"`NestedExecutorCore`, nested calendar/strategy/decision/executor/binding traits",done,5 focused tests; live Python AST differential; 19 injected failure stages; whole workspace 100% lines/functions/regions/branches,Concrete adapters and resumable RL control transfer remain separate,2,"[""qlib/backtest/executor.py::NestedExecutor._collect_data@406"", ""qlib/backtest/executor.py::NestedExecutor@310""]","[""crates/core/src/calendar_provider.rs:340:calendar"", ""crates/core/src/execution_calendar.rs:37:calendar"", ""crates/core/src/nested_executor.rs:573:decision"", ""crates/core/src/nested_executor.rs:692:NestedExecutorCore"", ""crates/core/src/saoe_infrastructure.rs:140:calendar""]"
1,ledger-061,nested base lifecycle and concrete account bridge,nested `BaseExecutor.collect_data` + `Account.update_bar_end`,"`NestedExecutorLifecycle`, `NestedAccountAdapter`",done,4 lifecycle/adapter tests plus prior loop matrix; live Python AST differential; whole workspace 100% lines/functions/regions/branches,Concrete inner atomic adapter and resumable RL control transfer remain separate,4,"[""qlib/backtest/account.py::Account.update_bar_end@338"", ""qlib/backtest/account.py::Account@71"", ""qlib/backtest/executor.py::BaseExecutor.collect_data@227"", ""qlib/backtest/executor.py::BaseExecutor@22""]","[""crates/core/src/nested_account_executor.rs:9:NestedAccountAdapter"", ""crates/core/src/nested_executor_lifecycle.rs:131:NestedExecutorLifecycle""]"
1,ledger-062,concrete atomic nested-inner adapter,nested `BaseExecutor.collect_data` driving atomic `BaseExecutor.collect_data` and `SimulatorExecutor._collect_data`,"`AtomicNestedInnerAdapter`, `ResettableNestedCalendar`, `AtomicAccountAdapter` snapshot bridge",done,3 focused integration tests; composed live Python AST differential; real inner/outer Accounts; whole workspace 100% lines/functions/regions/branches,Concrete strategy/calendar constructors and resumable RL control transfer remain separate,4,"[""qlib/backtest/executor.py::BaseExecutor.collect_data@227"", ""qlib/backtest/executor.py::BaseExecutor@22"", ""qlib/backtest/executor.py::SimulatorExecutor._collect_data@590"", ""qlib/backtest/executor.py::SimulatorExecutor@513""]","[""crates/core/src/account_executor.rs:9:AtomicAccountAdapter"", ""crates/core/src/atomic_nested_inner.rs:15:ResettableNestedCalendar"", ""crates/core/src/atomic_nested_inner.rs:29:AtomicNestedInnerAdapter"", ""crates/core/src/dataframe_append/differential_tests.rs:96:snapshot"", ""crates/core/src/environment_step.rs:131:snapshot"", ""crates/core/src/rl_candle_checkpoint.rs:283:snapshot"", ""crates/core/src/rl_early_stopping.rs:70:snapshot"", ""crates/core/src/rl_early_stopping.rs:76:snapshot"", ""crates/core/src/saoe_state_adapter.rs:350:snapshot"", ""crates/locale/src/windows.rs:111:snapshot""]"
1,ledger-063,explicit resumable nested/RL control transfer,"`BaseExecutor.collect_data`, `NestedExecutor._collect_data`, `SAOEStrategy.generate_trade_decision`, `ProxySAOEStrategy._generate_trade_decision` yield/send protocol","`ResumableNestedExecutor`, `NestedStrategyProgress`, versioned `NestedStrategyPrompt`/`NestedExecutorResume` DTOs",done,9 focused tests; live Python AST differential; every failure boundary; whole workspace 100% lines/functions/regions/branches,Recursive resumable nested-inner driver and concrete SAOE adapters remain separate,9,"[""qlib/backtest/executor.py::BaseExecutor.collect_data@227"", ""qlib/backtest/executor.py::BaseExecutor@22"", ""qlib/backtest/executor.py::NestedExecutor._collect_data@406"", ""qlib/backtest/executor.py::NestedExecutor@310"", ""qlib/rl/order_execution/strategy.py::ProxySAOEStrategy._generate_trade_decision@423"", ""qlib/rl/order_execution/strategy.py::ProxySAOEStrategy@407"", ""qlib/rl/order_execution/strategy.py::SAOEStrategy._generate_trade_decision@400"", ""qlib/rl/order_execution/strategy.py::SAOEStrategy.generate_trade_decision@381"", ""qlib/rl/order_execution/strategy.py::SAOEStrategy@301""]","[""crates/core/src/nested_executor.rs:161:NestedStrategyPrompt"", ""crates/core/src/nested_executor.rs:169:NestedExecutorResume"", ""crates/core/src/nested_executor.rs:238:NestedStrategyProgress"", ""crates/core/src/resumable_nested_executor.rs:103:ResumableNestedExecutor""]"
1,ledger-064,recursive child-session control propagation,multi-level nested `yield from` plus `SingleAssetOrderExecution._iter_strategy`,"`RecursiveNestedInnerAdapter`, `NestedChildSession`, `RecursiveStrategyDriver`",done,14 focused tests; two-level nested/atomic live Python AST differential; whole workspace 100% lines/functions/regions/branches,Concrete configured child-session factory and SAOE data/strategy adapters remain separate,2,"[""qlib/rl/order_execution/simulator_qlib.py::SingleAssetOrderExecution._iter_strategy@107"", ""qlib/rl/order_execution/simulator_qlib.py::SingleAssetOrderExecution@19""]","[""crates/core/src/recursive_nested_inner.rs:14:NestedChildSession"", ""crates/core/src/recursive_nested_inner.rs:159:RecursiveNestedInnerAdapter"", ""crates/core/src/recursive_nested_inner.rs:256:RecursiveStrategyDriver""]"
1,ledger-065,concrete SAOE state and proxy strategy boundary,"`SAOEState`, `SAOEMetrics`, `SAOEStrategy.generate_trade_decision`, `ProxySAOEStrategy`, `post_exe_step`","`SaoeState`, `SaoeMetrics`, `SaoeBacktestData`, `ProxySaoeStrategy`, typed calendar/state/order plugins",done,5 focused tests; live Python AST differential; Arrow/Bincode round trips and corruption matrix; whole workspace 100% lines/functions/regions/branches,Configured child-session factory remains separate,5,"[""qlib/rl/order_execution/state.py::SAOEMetrics@18"", ""qlib/rl/order_execution/state.py::SAOEState@70"", ""qlib/rl/order_execution/strategy.py::ProxySAOEStrategy@407"", ""qlib/rl/order_execution/strategy.py::SAOEStrategy.generate_trade_decision@381"", ""qlib/rl/order_execution/strategy.py::SAOEStrategy@301""]","[""crates/core/src/calendar_provider.rs:340:calendar"", ""crates/core/src/dataframe_append/extended_plan.rs:65:state"", ""crates/core/src/dataframe_append/temporal_plan.rs:16:state"", ""crates/core/src/environment_step.rs:301:state"", ""crates/core/src/execution_calendar.rs:37:calendar"", ""crates/core/src/lib.rs:78:order"", ""crates/core/src/saoe.rs:323:state"", ""crates/core/src/saoe.rs:350:state"", ""crates/core/src/saoe.rs:41:SaoeMetrics"", ""crates/core/src/saoe.rs:423:ProxySaoeStrategy"", ""crates/core/src/saoe.rs:59:SaoeBacktestData"", ""crates/core/src/saoe.rs:85:SaoeState"", ""crates/core/src/saoe_infrastructure.rs:140:calendar"", ""crates/core/src/saoe_int_strategy.rs:279:state"", ""crates/core/src/saoe_int_strategy.rs:31:state"", ""crates/core/src/saoe_live_registry.rs:160:state"", ""crates/core/src/saoe_live_registry.rs:36:state"", ""crates/core/src/saoe_state_adapter.rs:312:order"", ""crates/core/src/saoe_state_adapter.rs:964:state"", ""crates/core/src/saoe_state_adapter.rs:988:state""]"
1,ledger-066,concrete SAOE state calculations,"`SAOEStateAdapter.{__init__,_next_time,update,generate_metrics_after_done,_collect_*}` and order-execution utilities","`ConcreteSaoeStateAdapter`, `SaoeAdapterMarket`, `SaoeAdapterContext`, Arrow histories",done,4 focused tests; live Python AST differential; all plugin/error/mutation boundaries; whole workspace 100% lines/functions/regions/branches,Configured child-session factory and policy/interpreter stack remain separate,4,"[""qlib/rl/order_execution/state.py::SAOEState.order@73"", ""qlib/rl/order_execution/strategy.py::SAOEStateAdapter.__init__@85"", ""qlib/rl/order_execution/strategy.py::SAOEStateAdapter.generate_metrics_after_done@209"", ""qlib/rl/order_execution/strategy.py::SAOEStateAdapter@71""]","[""crates/core/src/saoe_state_adapter.rs:181:ConcreteSaoeStateAdapter"", ""crates/core/src/saoe_state_adapter.rs:39:SaoeAdapterMarket"", ""crates/core/src/saoe_state_adapter.rs:54:SaoeAdapterContext""]"
1,ledger-067,scalar-or-array type contract,"`qlib.constant.float_or_ndarray`, vectorized `SAOEMetrics` fields","`SaoeNumeric`, `SaoeTime`",done,Scalar/ndarray/NaN/Bincode round trips; live Python field contract; whole workspace 100% lines/functions/regions/branches,Higher-dimensional policy/observation tensors remain separate,1,"[""qlib/constant.py::<module>@1""]","[""crates/core/src/saoe.rs:27:SaoeNumeric"", ""crates/core/src/saoe.rs:34:SaoeTime""]"
1,ledger-068,SAOE policy/interpreter stack,order-execution state/action interpreters and `AllOne` policy,"`SaoePolicyPipeline`, basic/full-history interpreters, typed observations/actions",done,6 focused tests; live Python AST differentials; whole workspace 100% lines/functions/regions/branches,Learned inference runtimes remain separate,3,"[""qlib/rl/order_execution/policy.py::AllOne@46"", ""qlib/rl/order_execution/state.py::SAOEState.order@73"", ""qlib/rl/trainer/vessel.py::TrainingVesselBase.policy@45""]","[""crates/core/src/rl_candle_collector.rs:46:actions"", ""crates/core/src/rl_candle_collector.rs:67:actions"", ""crates/core/src/rl_candle_dqn_vessel.rs:98:actions"", ""crates/core/src/saoe_interpreter.rs:204:actions"", ""crates/core/src/saoe_interpreter.rs:211:SaoePolicyPipeline"", ""crates/core/src/saoe_interpreter.rs:689:actions""]"
1,ledger-069,immediate SAOE decision assembly,"`SAOEIntStrategy._generate_trade_decision`, `_generate_trade_details`","`SaoeIntDecisionBuilder`, `SaoeIntDecision`, `SaoeTradeDetail`",done,Python AST differential; filtering/detail/failure matrix; whole workspace 100% lines/functions/regions/branches,Lifecycle and configured construction were separate slices,3,"[""qlib/rl/order_execution/strategy.py::SAOEIntStrategy._generate_trade_decision@525"", ""qlib/rl/order_execution/strategy.py::SAOEIntStrategy._generate_trade_details@508"", ""qlib/rl/order_execution/strategy.py::SAOEIntStrategy@445""]","[""crates/core/src/saoe_int_strategy.rs:100:SaoeTradeDetail"", ""crates/core/src/saoe_int_strategy.rs:109:SaoeIntDecision"", ""crates/core/src/saoe_int_strategy.rs:129:SaoeIntDecisionBuilder""]"
1,ledger-070,lifecycle-owning immediate SAOE strategy,"`SAOEStrategy.{generate_trade_decision,post_exe_step,post_upper_level_exe_step}` plus `SAOEIntStrategy`","`SaoeAdapterRegistry`, `SaoeStateAdapterFactory`, `SaoeIntStrategy`",done,8 focused tests; live Python AST differential; exact 100% whole-workspace coverage,Concrete configured child-session factory remains separate,3,"[""qlib/rl/order_execution/strategy.py::SAOEIntStrategy@445"", ""qlib/rl/order_execution/strategy.py::SAOEStrategy.generate_trade_decision@381"", ""qlib/rl/order_execution/strategy.py::SAOEStrategy@301""]","[""crates/core/src/saoe_int_strategy.rs:322:SaoeIntStrategy"", ""crates/core/src/saoe_int_strategy.rs:51:SaoeStateAdapterFactory"", ""crates/core/src/saoe_int_strategy.rs:64:SaoeAdapterRegistry""]"
1,ledger-071,configured immediate SAOE child graph,`SingleAssetOrderExecution._iter_strategy` per-decision strategy/executor construction,"`ConfiguredSaoeChildAssemblyFactory`, `SaoeChildComponentsFactory`, `SaoeChildComponents`",done,2 focused executable-graph tests; exact 100% whole-workspace coverage,Concrete market-backed adapter/config loader remains separate,3,"[""qlib/rl/order_execution/simulator_qlib.py::SingleAssetOrderExecution._iter_strategy@107"", ""qlib/rl/order_execution/simulator_qlib.py::SingleAssetOrderExecution@19"", ""qlib/strategy/base.py::BaseStrategy.executor@63""]","[""crates/core/src/saoe_child_assembly.rs:29:SaoeChildComponents"", ""crates/core/src/saoe_child_assembly.rs:43:SaoeChildComponentsFactory"", ""crates/core/src/saoe_child_assembly.rs:56:ConfiguredSaoeChildAssemblyFactory""]"
1,ledger-072,configured concrete SAOE adapter factory,`SAOEStrategy._create_qlib_backtest_adapter`,"`ConfiguredSaoeStateAdapterFactory`, `SaoeAdapterInputsProvider`, `SaoeAdapterInputs`",done,2 focused tests; live Python AST differential; exact 100% whole-workspace coverage,Concrete `load_backtest_data`/exchange input provider remains separate,1,"[""qlib/__init__.py::<module>@1""]","[""crates/core/src/saoe_adapter_factory.rs:119:ConfiguredSaoeStateAdapterFactory"", ""crates/core/src/saoe_adapter_factory.rs:16:SaoeAdapterInputs"", ""crates/core/src/saoe_adapter_factory.rs:23:SaoeAdapterInputsProvider""]"
1,ledger-073,cached SAOE intraday backtest data,"`qlib.rl.data.native.{get_ticks_slice,IntradayBacktestData,load_backtest_data}`","`SaoeBacktestDataLoader`, `SaoeBacktestDataSource`, extended `SaoeBacktestData`",done,3 focused tests; live Python AST differential; legacy state decode; exact 100% whole-workspace coverage,Runtime calendar/context composition remains separate,3,"[""qlib/rl/data/native.py::<module>@1"", ""qlib/rl/data/native.py::IntradayBacktestData@31"", ""qlib/rl/data/native.py::load_backtest_data@116""]","[""crates/core/src/saoe.rs:59:SaoeBacktestData"", ""crates/core/src/saoe_backtest_data.rs:33:SaoeBacktestDataSource"", ""crates/core/src/saoe_backtest_data.rs:88:SaoeBacktestDataLoader""]"
1,ledger-074,configured SAOE adapter inputs,`SAOEStrategy._create_qlib_backtest_adapter` runtime data/frequency/start-index composition,"`ConfiguredSaoeAdapterInputsProvider`, `SaoeAdapterRuntime`",done,2 focused integration tests; Python-order characterization; exact 100% whole-workspace coverage,Concrete Exchange/calendar/account trait adapters remain separate,1,"[""qlib/__init__.py::<module>@1""]","[""crates/core/src/saoe_adapter_factory.rs:36:SaoeAdapterRuntime"", ""crates/core/src/saoe_adapter_factory.rs:51:ConfiguredSaoeAdapterInputsProvider""]"
1,ledger-075,concrete SAOE infrastructure bridges,"Exchange quote frame, executor calendar, and Account indicator access used by `SAOEStateAdapter`","`ExchangeSaoeMarket`, `NestedAccountSaoeContext`",done,5 focused tests; end-to-end configured-adapter composition; exact 100% whole-workspace coverage,Full configuration/child-graph builder remains separate,4,"[""qlib/backtest/account.py::Account@71"", ""qlib/backtest/exchange.py::Exchange@28"", ""qlib/rl/order_execution/strategy.py::SAOEStateAdapter@71"", ""qlib/strategy/base.py::BaseStrategy.executor@63""]","[""crates/core/src/saoe_infrastructure.rs:120:NestedAccountSaoeContext"", ""crates/core/src/saoe_infrastructure.rs:24:ExchangeSaoeMarket""]"
1,ledger-076,source-ordered bound live SAOE constructor,`SAOEStateAdapter.__init__` shared-order mutation and callback order,`ConcreteSaoeStateAdapter::new_live_bound`,done,"Actual hash-pinned Python constructor comparison; 258 library plus 51 related integration tests;584/584 lines,54/54 functions,774/774 regions,52/52 branches",Returned state/history alias semantics and actual shared strategy remain separate,3,"[""qlib/rl/order_execution/state.py::SAOEState.order@73"", ""qlib/rl/order_execution/strategy.py::SAOEStateAdapter.__init__@85"", ""qlib/rl/order_execution/strategy.py::SAOEStateAdapter@71""]","[""crates/core/src/saoe_state_adapter.rs:181:ConcreteSaoeStateAdapter"", ""crates/core/src/saoe_state_adapter.rs:461:new_live_bound""]"
1,ledger-077,configured live SAOE loader and factory,"`load_backtest_data`, `IntradayBacktestData.__init__`, `SAOEStrategy._create_qlib_backtest_adapter` live identity/callback path","`SaoeBacktestDataLoader::load_shared`, `ConfiguredLiveSaoeAdapterFactory`, `LiveSaoeAdapterRuntime`",done,"Shared mutation/cache/failure tests; 258 library plus22 related integration tests; loader145/145 lines,11/11 functions,241/241 regions,14/14 branches; factory153/153,20/20,160/160,2/2",Returned state/history alias semantics and actual shared strategy assembly remain separate,1,"[""qlib/__init__.py::<module>@1""]","[""crates/core/src/saoe_adapter_factory.rs:153:LiveSaoeAdapterRuntime"", ""crates/core/src/saoe_adapter_factory.rs:193:ConfiguredLiveSaoeAdapterFactory"", ""crates/core/src/saoe_backtest_data.rs:151:load_shared"", ""crates/core/src/saoe_backtest_data.rs:88:SaoeBacktestDataLoader""]"
1,ledger-078,live SAOE returned-state order/history aliases,"`SAOEStateAdapter.saoe_state`, `dataframe_append` identity/replacement behavior","`LiveSaoeState`, `LiveSaoeStateParts`, live registry/pipeline/generation transport",done,Hash-pinned Python alias differential; poison/partial-failure tests; 258 library plus95 integration tests; four affected files exact100% lines/functions/regions/nightly branches,Mutable metrics/backtest-data aliases and actual shared strategy assembly remain separate,3,"[""qlib/rl/order_execution/strategy.py::SAOEStateAdapter.saoe_state@285"", ""qlib/rl/order_execution/strategy.py::SAOEStateAdapter@71"", ""qlib/rl/order_execution/utils.py::dataframe_append@16""]","[""crates/core/src/saoe_state_adapter.rs:263:LiveSaoeStateParts"", ""crates/core/src/saoe_state_adapter.rs:279:LiveSaoeState""]"
1,ledger-079,live SAOE final-metrics aliases,`SAOEState.metrics` and `SAOEStateAdapter.generate_metrics_after_done` mutable identity/replacement behavior,"`SharedSaoeMetrics`, `LiveSaoeState::metrics`, replacement finalization",done,Hash-pinned Python identity differential; shared mutation/replacement/poison tests;258 library plus97 integration tests; four affected files exact100% lines/functions/regions/nightly branches,Mutable backtest-data aliases and actual shared strategy assembly remain separate,4,"[""qlib/rl/order_execution/state.py::SAOEState.metrics@86"", ""qlib/rl/order_execution/state.py::SAOEState@70"", ""qlib/rl/order_execution/strategy.py::SAOEStateAdapter.generate_metrics_after_done@209"", ""qlib/rl/order_execution/strategy.py::SAOEStateAdapter@71""]","[""crates/core/src/rl_candle_collector.rs:207:metrics"", ""crates/core/src/saoe_state_adapter.rs:204:SharedSaoeMetrics"", ""crates/core/src/saoe_state_adapter.rs:279:LiveSaoeState"", ""crates/core/src/saoe_state_adapter.rs:327:metrics""]"
1,ledger-080,live SAOE backtest-data and direct-tick aliases,"`SAOEState.backtest_data`, `SAOEState.ticks_index`, `SAOEState.ticks_for_order`, `SAOEStateAdapter.saoe_state` identity/rebinding behavior","`LiveSaoeBacktestData`, `SharedSaoeBacktestData`, captured direct tick handles, compatible owned-state wire",done,Hash-pinned Python alias/rebinding differential; parent/child poison and wire fallback tests;259 library plus107 integration tests; three affected files exact100% lines/functions/regions/nightly branches,Loader cache object identity and actual shared strategy assembly remain separate,6,"[""qlib/rl/order_execution/state.py::SAOEState.backtest_data@89"", ""qlib/rl/order_execution/state.py::SAOEState.ticks_for_order@100"", ""qlib/rl/order_execution/state.py::SAOEState.ticks_index@98"", ""qlib/rl/order_execution/state.py::SAOEState@70"", ""qlib/rl/order_execution/strategy.py::SAOEStateAdapter.saoe_state@285"", ""qlib/rl/order_execution/strategy.py::SAOEStateAdapter@71""]","[""crates/core/src/dataframe_append/extended_plan.rs:65:state"", ""crates/core/src/dataframe_append/object_sort.rs:54:direct"", ""crates/core/src/dataframe_append/temporal_plan.rs:16:state"", ""crates/core/src/environment_step.rs:301:state"", ""crates/core/src/saoe.rs:323:state"", ""crates/core/src/saoe.rs:350:state"", ""crates/core/src/saoe_int_strategy.rs:279:state"", ""crates/core/src/saoe_int_strategy.rs:31:state"", ""crates/core/src/saoe_live_registry.rs:160:state"", ""crates/core/src/saoe_live_registry.rs:36:state"", ""crates/core/src/saoe_state_adapter.rs:213:LiveSaoeBacktestData"", ""crates/core/src/saoe_state_adapter.rs:259:SharedSaoeBacktestData"", ""crates/core/src/saoe_state_adapter.rs:964:state"", ""crates/core/src/saoe_state_adapter.rs:988:state""]"
1,ledger-081,live SAOE cached backtest-object identity,"`load_backtest_data` LRU hit identity, mutation visibility and first `_order`/`_exchange` retention","shared-value `SaoeBacktestDataLoader`, `LiveSaoeBacktestData` origins, `ConcreteSaoeStateAdapter::new_live_cached`",done,Hash-pinned Python cache differential; same-key adapter identity/mutation and full poison/order/config failure matrix;259 library plus119 integration tests; three affected files exact100% lines/functions/regions/nightly branches,Actual shared strategy assembly remains separate,1,"[""qlib/rl/data/native.py::load_backtest_data@116""]","[""crates/core/src/alpha_returns.rs:323:value"", ""crates/core/src/exchange_quote.rs:29:shared"", ""crates/core/src/model_sequence.rs:217:value"", ""crates/core/src/rl_checkpoint_text.rs:566:value"", ""crates/core/src/rl_checkpoint_text.rs:569:value"", ""crates/core/src/saoe_backtest_data.rs:88:SaoeBacktestDataLoader"", ""crates/core/src/saoe_state_adapter.rs:181:ConcreteSaoeStateAdapter"", ""crates/core/src/saoe_state_adapter.rs:213:LiveSaoeBacktestData"", ""crates/core/src/saoe_state_adapter.rs:515:new_live_cached"", ""crates/core/src/trading_indicator_analysis.rs:93:value""]"
1,ledger-082,production shared live SAOE strategy and child graph,`SAOEStrategy` live reset/generate/post lifecycle and `SingleAssetOrderExecution._iter_strategy` child construction,"`LiveSaoeIntStrategy`, `ConfiguredLiveSaoeChildAssemblyFactory`, `LiveNestedRun`",done,"Composed live identity/lifecycle/failure tests plus existing hash-pinned source suites;56 selected tests per toolchain; child assembly82/82 lines,6/6 functions,72/72 regions; strategy131/131,16/16,156/156; nightly0/0 explicit branches and zero missing segments",Whole upstream strategy file and repository closure remain separate,3,"[""qlib/rl/order_execution/simulator_qlib.py::SingleAssetOrderExecution._iter_strategy@107"", ""qlib/rl/order_execution/simulator_qlib.py::SingleAssetOrderExecution@19"", ""qlib/rl/order_execution/strategy.py::SAOEStrategy@301""]","[""crates/core/src/live_nested_executor.rs:85:LiveNestedRun"", ""crates/core/src/saoe_child_assembly.rs:135:ConfiguredLiveSaoeChildAssemblyFactory"", ""crates/core/src/saoe_live_strategy.rs:52:LiveSaoeIntStrategy""]"
1,ledger-083,SAOE execution rewards,"`qlib.rl.order_execution.reward.{PAPenaltyReward,PPOReward}`","`PaPenaltyReward`, `PpoReward`, `SaoeReward`",done,4 focused tests; live Python AST differential; exact 100% lines/functions/regions/branches,Reward combination and training orchestration remain separate,2,"[""qlib/rl/order_execution/reward.py::<module>@1"", ""qlib/rl/order_execution/reward.py::PPOReward@53""]","[""crates/core/src/saoe_reward.rs:114:PaPenaltyReward"", ""crates/core/src/saoe_reward.rs:186:PpoReward"", ""crates/core/src/saoe_reward.rs:59:SaoeReward""]"
1,ledger-084,ordered reward composition,"`qlib.rl.reward.{Reward,RewardCombination}` composition subset","`RewardCombination`, `WeightedSaoeReward`",done,3 focused tests; live Python AST differential; exact 100% whole-workspace coverage,Environment reward attachment and step orchestration remain separate,2,"[""qlib/rl/reward.py::<module>@1"", ""qlib/rl/reward.py::RewardCombination@38""]","[""crates/core/src/saoe_reward.rs:67:WeightedSaoeReward"", ""crates/core/src/saoe_reward.rs:70:RewardCombination""]"
1,ledger-085,RL environment step orchestration,`qlib.rl.utils.env_wrapper.EnvWrapper.step` and required `LogCollector` subset,"`EnvironmentStepRunner`, component traits, typed step logs/status/output",done,3 focused tests; live Python method differential; every partial-failure stage; exact 100% coverage,Reset/seed lifecycle and full logger value surface remain separate,2,"[""qlib/rl/utils/env_wrapper.py::<module>@1"", ""qlib/rl/utils/env_wrapper.py::EnvWrapper.step@195""]","[""crates/core/src/atomic_nested_inner.rs:78:step"", ""crates/core/src/data_normalization.rs:243:output"", ""crates/core/src/dataframe_append/categorical_append_tests.rs:55:step"", ""crates/core/src/environment_reset.rs:153:status"", ""crates/core/src/environment_reset.rs:223:step"", ""crates/core/src/environment_step.rs:308:step"", ""crates/core/src/environment_step.rs:457:EnvironmentStepRunner"", ""crates/core/src/environment_step.rs:596:status"", ""crates/core/src/environment_step.rs:658:step"", ""crates/core/src/execution_calendar.rs:155:step"", ""crates/core/src/executor_lifecycle.rs:37:step"", ""crates/core/src/finite_dummy.rs:20:step"", ""crates/core/src/finite_dummy.rs:292:step"", ""crates/core/src/finite_dummy.rs:52:step"", ""crates/core/src/finite_shmem.rs:324:step"", ""crates/core/src/finite_subprocess_backend.rs:708:step"", ""crates/core/src/finite_vector.rs:363:step"", ""crates/core/src/finite_vector.rs:41:step"", ""crates/core/src/live_recursive_inner.rs:153:step"", ""crates/core/src/nested_executor.rs:95:step"", ""crates/core/src/owned_atomic_inner.rs:83:step"", ""crates/core/src/recursive_nested_inner.rs:191:step"", ""crates/core/src/rl_candle_optimizer.rs:186:step"", ""crates/core/src/rl_candle_policy.rs:100:step"", ""crates/core/src/shared_execution_calendar.rs:119:step"", ""crates/core/src/shared_execution_calendar.rs:91:step"", ""crates/core/src/simulator.rs:24:step""]"
1,ledger-086,RL environment reset and finite-seed lifecycle,`qlib.rl.utils.env_wrapper.EnvWrapper.reset` and `generate_nan_observation` boundary,"`EnvironmentResetRunner`, `EnvironmentSeedSource`, simulator/observation-space plugin traits",done,5 focused tests; live Python AST differential; exact 100% whole-workspace coverage,Concrete invalid-value recursion and vector environment remain separate,2,"[""qlib/rl/utils/env_wrapper.py::<module>@1"", ""qlib/rl/utils/env_wrapper.py::EnvWrapper.reset@146""]","[""crates/core/src/environment_reset.rs:36:EnvironmentSeedSource"", ""crates/core/src/environment_reset.rs:89:EnvironmentResetRunner"", ""crates/core/src/lib.rs:124:simulator"", ""crates/core/src/rl_checkpoint_callback.rs:85:plugin"", ""crates/core/src/rl_checkpoint_lossless_callback.rs:71:plugin""]"
1,ledger-087,finite-environment invalid observation values,"`qlib.rl.utils.finite_env.{fill_invalid,is_invalid,generate_nan_observation,check_nan_observation}`","`FiniteObservation`, recursive sentinel functions, `SampledFiniteObservationSpace`",done,4 focused tests; live Python AST differential; all NumPy numeric dtypes; exact 100% coverage,Vector worker coordination remains separate,4,"[""qlib/rl/utils/finite_env.py::<module>@1"", ""qlib/rl/utils/finite_env.py::check_nan_observation@84"", ""qlib/rl/utils/finite_env.py::generate_nan_observation@72"", ""qlib/rl/utils/finite_env.py::is_invalid@58""]","[""crates/core/src/finite_observation.rs:11:FiniteObservation"", ""crates/core/src/finite_observation.rs:167:SampledFiniteObservationSpace""]"
1,ledger-088,finite vector environment coordinator,`qlib.rl.utils.finite_env.FiniteVectorEnv` reset/step/collector guard,"`FiniteVectorEnv`, batch backend/predicate/logger plugin traits",done,5 focused tests; live Python class differential; exact 100% whole-workspace coverage,Concrete Dummy/Subproc/Shmem transports and factory remain separate,3,"[""qlib/rl/utils/finite_env.py::<module>@1"", ""qlib/rl/utils/finite_env.py::FiniteVectorEnv.reset@210"", ""qlib/rl/utils/finite_env.py::FiniteVectorEnv.step@261""]","[""crates/core/src/dataframe_append.rs:292:batch"", ""crates/core/src/dataframe_append.rs:309:batch"", ""crates/core/src/dataframe_append.rs:711:batch"", ""crates/core/src/dataframe_append.rs:875:batch"", ""crates/core/src/dataframe_append/block_tests.rs:13:batch"", ""crates/core/src/dataframe_append/categorical_append_internal_tests.rs:222:batch"", ""crates/core/src/dataframe_append/categorical_append_tests.rs:84:batch"", ""crates/core/src/dataframe_append/constructor.rs:151:batch"", ""crates/core/src/dataframe_append/constructor.rs:184:batch"", ""crates/core/src/dataframe_append/constructor_tests.rs:302:batch"", ""crates/core/src/dataframe_append/differential_tests.rs:12:batch"", ""crates/core/src/dataframe_append/index_tests.rs:203:batch"", ""crates/core/src/dataframe_append/missing_append_tests.rs:418:batch"", ""crates/core/src/dataframe_append/multi_append_tests.rs:104:batch"", ""crates/core/src/dataframe_append/nullable_append_tests.rs:607:batch"", ""crates/core/src/dataframe_append/nullable_append_tests.rs:815:batch"", ""crates/core/src/dataframe_append/nullable_append_tests.rs:864:batch"", ""crates/core/src/dataframe_append/nullable_append_tests.rs:930:batch"", ""crates/core/src/dataframe_append/string_append_tests.rs:350:batch"", ""crates/core/src/dataframe_append/temporal_append_tests.rs:67:batch"", ""crates/core/src/dataframe_append/tuple_index_tests.rs:257:batch"", ""crates/core/src/environment_step.rs:614:logger"", ""crates/core/src/finite_vector.rs:144:FiniteVectorEnv"", ""crates/core/src/rl_checkpoint_callback.rs:85:plugin"", ""crates/core/src/rl_checkpoint_lossless_callback.rs:71:plugin""]"
1,ledger-089,finite dummy vector backend,`FiniteDummyVectorEnv` over Tianshou 0.4.10 `DummyVectorEnv`,"`FiniteDummyBackend`, environment/factory plugin traits",done,4 focused tests; live Qlib AST characterization; exact 100% whole-workspace coverage,Process transports remain separate,1,"[""qlib/rl/utils/finite_env.py::FiniteDummyVectorEnv@301""]","[""crates/core/src/finite_dummy.rs:130:FiniteDummyBackend"", ""crates/core/src/finite_subprocess.rs:197:environment"", ""crates/core/src/rl_checkpoint_callback.rs:85:plugin"", ""crates/core/src/rl_checkpoint_lossless_callback.rs:71:plugin"", ""crates/core/src/rl_trainer_driver.rs:137:environment"", ""crates/core/src/rl_training_vessel.rs:124:environment""]"
1,ledger-090,reset-runner finite worker adapter,`EnvWrapper.reset/step` inside `FiniteDummyVectorEnv` workers,`EnvironmentResetRunner: FiniteEnvironment`,done,6 reset tests; real two-worker Dummy integration; exact 100% whole-workspace coverage,Process transports remain separate,3,"[""qlib/rl/utils/env_wrapper.py::EnvWrapper.reset@146"", ""qlib/rl/utils/env_wrapper.py::EnvWrapper@51"", ""qlib/rl/utils/finite_env.py::FiniteDummyVectorEnv@301""]","[""crates/core/src/environment_reset.rs:89:EnvironmentResetRunner"", ""crates/core/src/finite_dummy.rs:13:FiniteEnvironment""]"
1,ledger-091,finite subprocess wire protocol,Qlib `FiniteSubprocVectorEnv`/`FiniteShmemVectorEnv` over Tianshou 0.4.10 `SubprocEnvWorker` commands,"versioned `FiniteSubprocessRequest`/`FiniteSubprocessResponse`, bounded Bincode codec",done,5 focused tests; live Qlib AST plus frozen Tianshou dispatch characterization; exact 100% whole-workspace coverage,Process runtime and shared memory remain separate,2,"[""qlib/rl/utils/finite_env.py::FiniteShmemVectorEnv@309"", ""qlib/rl/utils/finite_env.py::FiniteSubprocVectorEnv@305""]","[""crates/core/src/finite_subprocess_protocol.rs:126:FiniteSubprocessRequest"", ""crates/core/src/finite_subprocess_protocol.rs:144:FiniteSubprocessResponse""]"
1,ledger-092,finite subprocess Tokio runtime,Tianshou 0.4.10 `SubprocEnvWorker` pipe transport and worker loop used by Qlib `FiniteSubprocVectorEnv`,"`FiniteSubprocessTransport`, `serve_finite_subprocess`, command-handler and lifecycle plugin seams",done,13 focused tests; real Python child processes plus Tokio duplex workers; exact 100% whole-workspace coverage,"Batched backend, factory transfer, and shared memory remain separate",4,"[""qlib/model/trainer.py::DelayTrainerRM.worker@596"", ""qlib/model/trainer.py::Trainer.worker@197"", ""qlib/model/trainer.py::TrainerRM.worker@466"", ""qlib/rl/utils/finite_env.py::FiniteSubprocVectorEnv@305""]","[""crates/core/src/finite_subprocess.rs:206:command"", ""crates/core/src/finite_subprocess.rs:308:FiniteSubprocessTransport"", ""crates/core/src/finite_subprocess.rs:602:serve_finite_subprocess"", ""crates/core/src/rl_checkpoint_callback.rs:85:plugin"", ""crates/core/src/rl_checkpoint_lossless_callback.rs:71:plugin""]"
1,ledger-093,finite subprocess batched backend,Qlib `FiniteSubprocVectorEnv` over Tianshou 0.4.10 synchronous `BaseVectorEnv` batching and `SubprocEnvWorker` lifecycle,"`FiniteSubprocessBackend`, object-safe worker/runtime factories, production program factory",done,14 backend tests in the 28-test subprocess suite; live Qlib/Tianshou characterization; exact 100% whole-workspace coverage,"Environment descriptor transfer, `vectorize_env`, and shared memory remain separate",1,"[""qlib/rl/utils/finite_env.py::FiniteSubprocVectorEnv@305""]","[""crates/core/src/dataframe_append/categorical_append.rs:18:object"", ""crates/core/src/dataframe_append/extended_plan.rs:14:object"", ""crates/core/src/dataframe_append/index.rs:8:object"", ""crates/core/src/dataframe_append/missing_append_tests.rs:10:object"", ""crates/core/src/finite_subprocess_backend.rs:187:FiniteSubprocessBackend""]"
1,ledger-094,finite vector construction and registry,`qlib.rl.utils.finite_env.vectorize_env` and its `dummy`/`subproc`/`shmem` mapping,"versioned `FiniteEnvironmentDescriptor`, stable backend/factory registries, `vectorize_env`",done,9 focused tests; live Python differential; real dummy/subprocess/shared-memory construction; exact 100% whole-workspace coverage,Native dynamic discovery and stable FFI ABI remain separate,1,"[""qlib/rl/utils/finite_env.py::<module>@1""]","[""crates/core/src/finite_vector_factory.rs:179:vectorize_env"", ""crates/core/src/finite_vector_factory.rs:29:FiniteEnvironmentDescriptor""]"
1,ledger-095,finite shared-memory observation transport,Qlib `FiniteShmemVectorEnv` over Tianshou 0.4.10 `ShmemVectorEnv` observation data plane,"`shmem::MappedObservationRegion`, `FiniteShmemWorker`, `FiniteShmemBackend`, registered production plugin",done,10 mapping/worker/backend tests plus registry integration; official Tianshou source characterization; real Python child handshake; exact 100% whole-workspace coverage,Recursive typed layout and ndarray stacking remain separate,1,"[""qlib/rl/utils/finite_env.py::FiniteShmemVectorEnv@309""]","[""crates/core/src/finite_shmem.rs:205:FiniteShmemBackend"", ""crates/core/src/finite_shmem.rs:49:FiniteShmemWorker"", ""crates/core/src/rl_checkpoint_callback.rs:85:plugin"", ""crates/core/src/rl_checkpoint_lossless_callback.rs:71:plugin"", ""crates/shmem/src/lib.rs:63:MappedObservationRegion""]"
1,ledger-096,RL producer/consumer data queue,`qlib.rl.utils.data_queue.DataQueue`,"`DataQueue`, dataset/sampler plugins, ordered bounded worker pool",done,12 focused tests; live Python AST characterization; finite/infinite and cancellation stress paths; exact 100% whole-workspace coverage,OS-process sharing and Python bindings remain separate,1,"[""qlib/rl/utils/data_queue.py::<module>@1""]","[""crates/core/src/data_queue.rs:137:DataQueue"", ""crates/core/src/model_sequence.rs:143:sampler""]"
1,ledger-097,training vessel initial-state queues,`TrainingVessel` seed iterators and `_random_subset`,"`TrainingVesselSeeds`, sampler/logger plugins",done,"Six focused tests, live Python subset differential, tracing delivery, exact 100% workspace coverage",Full policy/collector/trainer orchestration remains separate,2,"[""qlib/rl/trainer/vessel.py::TrainingVessel._random_subset@206"", ""qlib/rl/trainer/vessel.py::TrainingVessel@98""]","[""crates/core/src/environment_step.rs:614:logger"", ""crates/core/src/model_sequence.rs:143:sampler"", ""crates/core/src/training_vessel_seed.rs:126:TrainingVesselSeeds""]"
1,ledger-098,training vessel attachment and checkpoints,"`TrainingVesselBase.{assign_trainer,state_dict,load_state_dict}`","`TrainingVesselBinding`, `TrainingVesselState`, generic checkpoint envelope",done,"Five focused tests, live-source differential, exact 100% workspace coverage",Metric logging and collector orchestration remain separate,2,"[""qlib/rl/trainer/vessel.py::TrainingVesselBase.assign_trainer@49"", ""qlib/rl/trainer/vessel.py::TrainingVesselBase@34""]","[""crates/core/src/training_vessel_state.rs:115:TrainingVesselState"", ""crates/core/src/training_vessel_state.rs:43:TrainingVesselBinding""]"
1,ledger-099,training vessel metric logging,"`TrainingVesselBase.{log,log_dict}` numeric/scalar path","`TrainingVesselLog`, Arrow reducer, scalar formatter, diagnostic sink",done,"Five focused tests, live Python logging differential, exact 100% workspace coverage",Collector/replay-buffer orchestration and exotic Python value adapters remain separate,3,"[""qlib/rl/trainer/vessel.py::TrainingVesselBase.log@78"", ""qlib/rl/trainer/vessel.py::TrainingVesselBase.log_dict@85"", ""qlib/rl/trainer/vessel.py::TrainingVesselBase@34""]","[""crates/core/src/dataframe_append/constructor.rs:149:scalar"", ""crates/core/src/dataframe_append/constructor.rs:166:scalar"", ""crates/core/src/dataframe_append/constructor_tests.rs:294:scalar"", ""crates/core/src/single_data.rs:144:scalar"", ""crates/core/src/single_metric.rs:162:scalar"", ""crates/core/src/training_vessel_log.rs:142:TrainingVesselLog""]"
1,ledger-100,default training vessel collection/update orchestration,"`TrainingVessel.{train,validate,test}`","`TrainingVesselRunner`, policy/collector/buffer adapters composed with finite-vector guard",done,Four focused tests; 42 live-source differential cases; opaque keyword forwarding; real dummy-environment exhaustion; exact 100% workspace coverage,Concrete ML runtime and replay-buffer implementations remain separate,2,"[""qlib/rl/trainer/vessel.py::TrainingVessel.train@164"", ""qlib/rl/trainer/vessel.py::TrainingVessel@98""]","[""crates/core/src/complex_price_advantage.rs:33:finite"", ""crates/core/src/rl_candle_collector.rs:528:buffer"", ""crates/core/src/rl_candle_replay.rs:14:vector"", ""crates/core/src/training_vessel_runner.rs:106:buffer"", ""crates/core/src/training_vessel_runner.rs:162:TrainingVesselRunner""]"
1,ledger-101,RL log writer lifecycle and metric buffer,"`LogWriter`, `LogBuffer` in `qlib.rl.utils.log`","`RlLogWriter`, `RlLogBuffer`, finite-vector logger adapter",done,Five focused tests; live-source lifecycle/aggregation/checkpoint differential; real finite environment; exact 100% workspace coverage,Console/CSV sinks and Trainer lifecycle remain separate,3,"[""qlib/rl/utils/log.py::<module>@1"", ""qlib/rl/utils/log.py::LogBuffer@308"", ""qlib/rl/utils/log.py::LogWriter@137""]","[""crates/core/src/complex_price_advantage.rs:33:finite"", ""crates/core/src/environment_step.rs:614:logger"", ""crates/core/src/rl_candle_dqn_policy.rs:151:adapter"", ""crates/core/src/rl_candle_nstep.rs:70:adapter"", ""crates/core/src/rl_candle_replay.rs:14:vector"", ""crates/core/src/rl_log_writer.rs:135:RlLogWriter"", ""crates/core/src/rl_log_writer.rs:369:RlLogBuffer"", ""crates/core/src/shared_nested_account.rs:43:adapter""]"
1,ledger-102,Trainer runtime state and metric callback bridge,"`Trainer.initialize`, `initialize_iter`, `_metrics_callback`, `_min_loglevel`","`RlTrainerState`, `RlTrainerRuntime`, concrete log-buffer callback",done,Five focused tests; 27 live-source metric cases; initialization/minimum-level/lifetime differentials; exact 100% workspace coverage,"Fit/test loop, full checkpoint graph, callback scheduling, and configured construction remain separate",3,"[""qlib/rl/trainer/trainer.py::Trainer._metrics_callback@309"", ""qlib/rl/trainer/trainer.py::Trainer.initialize@123"", ""qlib/rl/trainer/trainer.py::Trainer.initialize_iter@133""]","[""crates/core/src/rl_candle_collector.rs:528:buffer"", ""crates/core/src/rl_early_stopping.rs:92:log"", ""crates/core/src/rl_early_stopping.rs:96:log"", ""crates/core/src/rl_trainer_state.rs:170:RlTrainerRuntime"", ""crates/core/src/rl_trainer_state.rs:21:RlTrainerState"", ""crates/core/src/training_vessel_log.rs:169:log"", ""crates/core/src/training_vessel_runner.rs:106:buffer""]"
1,ledger-103,Trainer fit/test lifecycle driver,"`Trainer.fit`, `test`, `_call_callback_hooks`, `_wrap_context`","`RlTrainerDriver`, typed callback/vessel/seed-context interfaces",done,Five focused tests; 67 live-source scenarios; real queue/vector/vessel/log-buffer integration; exact 100% workspace coverage,Full checkpoint codecs and configured environment assembly remain separate,3,"[""qlib/rl/trainer/trainer.py::Trainer._call_callback_hooks@321"", ""qlib/rl/trainer/trainer.py::Trainer.fit@188"", ""qlib/rl/trainer/trainer.py::_wrap_context@335""]","[""crates/core/src/rl_trainer_driver.rs:261:RlTrainerDriver""]"
1,ledger-104,Trainer named checkpoint graph,"`Trainer.state_dict`, `load_state_dict`, `named_callbacks`, `named_loggers`, `_named_collection`","Generic checkpoint document, named component registry, ordered save/restore and driver restore bridge",done,"Six focused tests; 33 live-source graph scenarios and seven naming matrices; full workspace, strict Clippy, stable/nightly exact 100% gates pass",Torch file codecs and concrete callback recipes remain separate,4,"[""qlib/rl/trainer/trainer.py::Trainer.named_callbacks@176"", ""qlib/rl/trainer/trainer.py::Trainer.named_loggers@182"", ""qlib/rl/trainer/trainer.py::Trainer.state_dict@137"", ""qlib/rl/trainer/trainer.py::_named_collection@346""]","[""crates/core/src/position_cash.rs:45:restore"", ""crates/core/src/rl_candle_checkpoint.rs:175:restore"", ""crates/core/src/rl_checkpoint_callback.rs:137:save"", ""crates/core/src/rl_checkpoint_callback.rs:243:save"", ""crates/core/src/rl_checkpoint_file.rs:153:restore"", ""crates/core/src/rl_checkpoint_file.rs:203:restore"", ""crates/core/src/rl_checkpoint_file.rs:83:save"", ""crates/core/src/rl_checkpoint_lossless_callback.rs:138:save"", ""crates/core/src/rl_trainer_checkpoint.rs:302:restore"", ""crates/core/src/rl_trainer_driver.rs:171:restore""]"
1,ledger-105,EarlyStopping callback,`qlib/rl/trainer/callbacks.py::EarlyStopping`,"Trainer callback, owned best-weight snapshots, checkpoint state",done,"Seven focused tests, 74 live-source scenarios, strict Clippy, full workspace and stable/nightly exact 100% gates pass",Concrete tensor snapshot adapters remain model-specific,2,"[""qlib/rl/trainer/callbacks.py::<module>@1"", ""qlib/rl/trainer/callbacks.py::EarlyStopping@78""]","[""crates/core/src/dataframe_append/extended_plan.rs:65:state"", ""crates/core/src/dataframe_append/temporal_plan.rs:16:state"", ""crates/core/src/environment_step.rs:301:state"", ""crates/core/src/saoe.rs:323:state"", ""crates/core/src/saoe.rs:350:state"", ""crates/core/src/saoe_int_strategy.rs:279:state"", ""crates/core/src/saoe_int_strategy.rs:31:state"", ""crates/core/src/saoe_live_registry.rs:160:state"", ""crates/core/src/saoe_live_registry.rs:36:state"", ""crates/core/src/saoe_state_adapter.rs:964:state"", ""crates/core/src/saoe_state_adapter.rs:988:state""]"
1,ledger-106,MetricsWriter callback,`qlib/rl/trainer/callbacks.py::MetricsWriter`,Ordered metric histories and CSV persistence callback,done,"Six focused tests, 138 Python/pandas scenarios, strict Clippy, full workspace and stable/nightly exact 100% gates pass",Exotic dataframe cells require explicit adapters,2,"[""qlib/rl/trainer/callbacks.py::<module>@1"", ""qlib/rl/trainer/callbacks.py::MetricsWriter@185""]","[""crates/core/src/numpy_order_indicator.rs:11:metric"", ""crates/core/src/numpy_order_indicator.rs:177:metric"", ""crates/core/src/order_indicator.rs:12:metric"", ""crates/core/src/order_indicator.rs:157:metric""]"
1,ledger-107,Policy weight retry,`qlib.rl.order_execution.policy.set_weight`,"`rl_policy_weight`, typed native Candle loader",done,"105 source scenarios, ten native adapter tests, 58 real model-load cases; full 89-file exact gates pass","Policy file extraction, constructors and complete ML remain separate",1,"[""qlib/rl/order_execution/policy.py::<module>@1""]","[""crates/core/src/data_normalization.rs:23:native"", ""crates/core/src/lib.rs:142:rl_policy_weight""]"
1,ledger-108,Native policy file extraction,`Trainer.get_policy_state_dict` decoded-policy selection,"`rl_policy_checkpoint`, explicit native document/codec projections",done,"Four focused tests, eight source success comparisons plus three source failure cases, real Trainer files; full 90-file exact gates pass",Automatic dynamic/legacy codec dispatch is not implemented; ordered weight materialization and complete ML remain separate,2,"[""qlib/rl/trainer/trainer.py::Trainer.get_policy_state_dict@157"", ""qlib/rl/trainer/vessel.py::TrainingVesselBase.policy@45""]","[""crates/core/src/data_normalization.rs:23:native"", ""crates/core/src/lib.rs:141:rl_policy_checkpoint""]"
1,ledger-109,Native ordered policy weights,Native snapshot to `policy.set_weight` input,"`CandlePolicyLayout`, `CandlePolicySnapshot::into_policy_weights`",done,"16 native tests, real Trainer composition, 58 actual model retry comparisons; full 91-file exact gates pass",Whole-variable aliases and seven native types; broader lossless inputs/shared views and complete ML remain,1,"[""qlib/rl/trainer/vessel.py::TrainingVesselBase.policy@45""]","[""crates/core/src/rl_candle_checkpoint.rs:134:CandlePolicySnapshot"", ""crates/core/src/rl_candle_weights.rs:112:into_policy_weights"", ""crates/core/src/rl_candle_weights.rs:20:CandlePolicyLayout""]"
1,ledger-110,Checkpoint callback,`qlib/rl/trainer/callbacks.py::Checkpoint`,Periodic/timed persistence and complete live Trainer checkpoint state,in_progress,"Native state, explicit-schema extraction and ordered weight retry pass full 91-file gates; actual source/model differentials pass","Broader lossless weight types/shared views, custom model state and full ML implementation remain; legacy Torch file interoperability is a separate unresolved choice",2,"[""qlib/rl/trainer/callbacks.py::<module>@1"", ""qlib/rl/trainer/callbacks.py::Checkpoint@203""]","[""crates/core/src/dataframe_append/extended_plan.rs:65:state"", ""crates/core/src/dataframe_append/temporal_plan.rs:16:state"", ""crates/core/src/environment_step.rs:301:state"", ""crates/core/src/saoe.rs:323:state"", ""crates/core/src/saoe.rs:350:state"", ""crates/core/src/saoe_int_strategy.rs:279:state"", ""crates/core/src/saoe_int_strategy.rs:31:state"", ""crates/core/src/saoe_live_registry.rs:160:state"", ""crates/core/src/saoe_live_registry.rs:36:state"", ""crates/core/src/saoe_state_adapter.rs:964:state"", ""crates/core/src/saoe_state_adapter.rs:988:state""]"
1,ledger-111,Unicode-array calendar binary writer,`FileCalendarStorage._write_calendar` binary wb/ab Unicode-array path,"`calendar_write`, `CalendarFileValues`, `CalendarTextArray`",done,"96 real-source file cases; injected partial write/flush failures; exact54/54 lines,10/10 functions,89/89 regions,4/4 branches",Arbitrary Python object codecs and other storage operations remain separate; not whole-workspace acceptance,2,"[""qlib/data/storage/file_storage.py::FileCalendarStorage._write_calendar@122"", ""qlib/data/storage/file_storage.py::FileCalendarStorage@76""]","[""crates/core/src/calendar_write.rs:23:CalendarFileValues"", ""crates/core/src/calendar_write.rs:39:CalendarTextArray"", ""crates/core/src/lib.rs:25:calendar_write""]"
1,ledger-112,persistent configured calendar request state/read-write,"`FileCalendarStorage` supported/selected frequency caches, uri/data/raw read/write/extend/clear/len over configured roots","`FileCalendarStorage`, shared `FileCalendarBackend` helpers",done,"12 source-instance sequences/118 actions;272 selected tests per toolchain; storage65/65 lines,12/12 functions,119/119 regions,2/2 branches; backend also exact100%","Index/insert/remove/slices, storage-frequency enumeration, global/provider-override construction and whole-workspace acceptance remain open",1,"[""qlib/data/storage/file_storage.py::FileCalendarStorage@76""]","[""crates/core/src/exchange_quote.rs:29:shared"", ""crates/core/src/file_calendar_backend.rs:25:FileCalendarBackend"", ""crates/core/src/file_calendar_storage.rs:19:FileCalendarStorage""]"
